date,sity,market,discounts,data_uuid,href
2023-09-18 15:56:49.382463,lipeck,Перекрёсток,1682,94d98417-42c3-11e6-9419-52540010b608,https://edadeal.ru/lipeck/retailers/perekrestok
2023-09-18 15:56:49.382463,lipeck,Пятёрочка,26,94d98382-42c3-11e6-9419-52540010b608,https://edadeal.ru/lipeck/retailers/5ka
2023-09-18 15:56:49.382463,lipeck,Магнит,33100,94d987b8-42c3-11e6-9419-52540010b608,https://edadeal.ru/lipeck/retailers/magnit-univer
2023-09-18 15:56:49.382463,lipeck,Магнит Косметик,12832,94d99529-42c3-11e6-9419-52540010b608,https://edadeal.ru/lipeck/retailers/magnit-cosmo
2023-09-18 15:56:49.382463,lipeck,Сытый Бацька,12,f712ed2b-72be-4599-ac3e-e181d2da21c0,https://edadeal.ru/lipeck/retailers/sytyi_batka
2023-09-18 15:56:49.382463,lipeck,О'кей гипермаркет,897,94d98864-42c3-11e6-9419-52540010b608,https://edadeal.ru/lipeck/retailers/okmarket-giper
2023-09-18 15:56:49.382463,lipeck,Лента Гипермаркет,4870,94d98813-42c3-11e6-9419-52540010b608,https://edadeal.ru/lipeck/retailers/lenta-giper
2023-09-18 15:56:49.382463,lipeck,Чижик,20,816306d7-3f81-4379-b130-22280a50b3a3,https://edadeal.ru/lipeck/retailers/chizhik
2023-09-18 15:56:49.382463,lipeck,Победа,39,d7706d78-1420-4c46-befb-4274f80edc6b,https://edadeal.ru/lipeck/retailers/pobeda
2023-09-18 15:56:49.382463,lipeck,Семь дней,237,94d9ac7e-42c3-11e6-9419-52540010b608,https://edadeal.ru/lipeck/retailers/ts-7dney
2023-09-18 15:56:49.382463,lipeck,Европа,640,94db47f7-42c3-11e6-9419-52540010b608,https://edadeal.ru/lipeck/retailers/europa-ts
2023-09-18 15:56:49.382463,lipeck,Metro,6479,94d989f8-42c3-11e6-9419-52540010b608,https://edadeal.ru/lipeck/retailers/metro-cc
2023-09-18 15:56:49.382463,lipeck,Рубль Бум,397,94d9a50a-42c3-11e6-9419-52540010b608,https://edadeal.ru/lipeck/retailers/1b
2023-09-18 15:56:49.382463,lipeck,Рыбоедов,9,2046017e-5f9b-4faf-8419-d668154c0ced,https://edadeal.ru/lipeck/retailers/ryboedov
2023-09-18 15:56:49.382463,lipeck,Правильная корзинка,12,51154432-6fab-430b-9255-91918cd6854f,https://edadeal.ru/lipeck/retailers/korzinka_6
2023-09-18 15:56:49.382463,lipeck,Закрома Беларуси,48,7582a77d-9a4e-42b6-8d14-1357f35224b6,https://edadeal.ru/lipeck/retailers/zakroma-belarusi
2023-09-18 15:56:49.382463,lipeck,Перекресток-Экспресс,1450,df7826f7-8dad-46ab-9a7c-d7bfc63b427c,https://edadeal.ru/lipeck/retailers/perekrestok-ekspress-ecom
2023-09-18 15:56:49.382463,lipeck,ВкусВилл,1944,2ab2c81f-d69a-41f0-8c97-64e16164545d,https://edadeal.ru/lipeck/retailers/vkusvill_offline
2023-09-18 15:56:49.382463,lipeck,Ароматный мир,154,94d9926d-42c3-11e6-9419-52540010b608,https://edadeal.ru/lipeck/retailers/amwine
2023-09-18 15:56:49.382463,lipeck,Metro. Онлайн-доставка,2943,61b2b682-6473-4d75-bab3-3e381c037260,https://edadeal.ru/lipeck/retailers/metro-ru
2023-09-18 15:56:49.382463,lipeck,Твоё,2685,548a004c-5f9c-4296-9575-ec875609ffec,https://edadeal.ru/lipeck/retailers/tvoyo
2023-09-18 15:56:49.382463,lipeck,Офисмаг,120,aacd0a28-2b0b-4a41-8c69-c435f6c3c2bf,https://edadeal.ru/lipeck/retailers/officemag
2023-09-18 15:56:49.382463,lipeck,Hoff,2109,8ae469fa-407c-4239-8b27-b1418bb2e509,https://edadeal.ru/lipeck/retailers/hoff
2023-09-18 15:56:49.382463,lipeck,Детский мир,79,94d98d1a-42c3-11e6-9419-52540010b608,https://edadeal.ru/lipeck/retailers/detmir
2023-09-18 15:56:49.382463,lipeck,Подружка,96,94d9b2b3-42c3-11e6-9419-52540010b608,https://edadeal.ru/lipeck/retailers/podrygka
2023-09-18 15:56:49.382463,lipeck,Л’Этуаль,1772,68048daf-1f3c-4d5b-ba4f-53388ef973f7,https://edadeal.ru/lipeck/retailers/letu
2023-09-18 15:56:49.382463,lipeck,Zenden,2572,d8b70ca8-16ee-4402-8fec-01237b16a1f1,https://edadeal.ru/lipeck/retailers/zenden
2023-09-18 15:56:49.382463,lipeck,Золотое яблоко,2918,5ba152cf-605e-472d-ac98-48068f30bf7d,https://edadeal.ru/lipeck/retailers/zolote_iabloko
2023-09-18 15:56:49.382463,lipeck,Mi-shop.com,211,38103cad-8b9a-4a8c-9e07-a251a7bca622,https://edadeal.ru/lipeck/retailers/mi-shopcom
2023-09-18 15:56:49.382463,lipeck,Finn Flare,833,61db12f8-f32f-44d1-a46f-94e4f998c2ea,https://edadeal.ru/lipeck/retailers/finn_flare
2023-09-18 15:56:49.382463,lipeck,Твой дом,3894,6eaa3ede-6e83-49af-96f1-619f6f85ea59,https://edadeal.ru/lipeck/retailers/tvoi-dom
2023-09-18 15:56:49.382463,lipeck,Иль Де Ботэ,7227,3525bda9-ce60-4c2d-bdc4-cf06abf48c94,https://edadeal.ru/lipeck/retailers/il-de-bote
2023-09-18 15:56:49.382463,lipeck,Ситилинк,1046,a9e58920-ba8d-4627-8baf-a43a72defa8f,https://edadeal.ru/lipeck/retailers/sitilink
2023-09-18 15:56:49.382463,lipeck,Polaris,412,1a42c3d5-9df0-46dc-8f12-3463de81e123,https://edadeal.ru/lipeck/retailers/polaris
2023-09-18 15:56:49.382463,lipeck,Зоозавр,3269,2971fdde-1ffd-4dab-b98f-f5d0fa4d6d66,https://edadeal.ru/lipeck/retailers/zoozavr
2023-09-18 15:56:49.382463,lipeck,Две линии,307,44a672f5-3213-48e1-8493-af5a66c4134a,https://edadeal.ru/lipeck/retailers/dve-linii
2023-09-18 15:56:49.382463,lipeck,Ok Beauty,135,58990d46-4c2b-499e-8b81-32acc483450f,https://edadeal.ru/lipeck/retailers/ok-beauty
2023-09-18 15:56:49.382463,lipeck,Мильстрим,346,b15dc09f-9709-476f-b34c-9293f1ccf14a,https://edadeal.ru/lipeck/retailers/milstrim
2023-09-18 15:56:49.382463,lipeck,Ormatek,1771,36a56484-49bf-449c-bfd9-9239561e18e8,https://edadeal.ru/lipeck/retailers/ormatek
2023-09-18 15:56:49.382463,lipeck,buyson,382,4f372a76-fdae-40fa-8a9c-8896334d8b78,https://edadeal.ru/lipeck/retailers/buyson
2023-09-18 15:56:49.382463,lipeck,Первый мебельный,2229,8b23b3fb-e66a-432d-ad84-0abbca8da592,https://edadeal.ru/lipeck/retailers/pervyj-mebelnyj
2023-09-18 15:56:49.382463,lipeck,Pleer.ru,2626,06d04ad4-c191-4bd8-a9a6-fd106db15955,https://edadeal.ru/lipeck/retailers/pleerru
2023-09-18 15:56:49.382463,lipeck,Randewoo,2767,0a4ab195-35d8-41a5-8815-0e5dcc652d30,https://edadeal.ru/lipeck/retailers/randewo
2023-09-18 15:56:49.382463,lipeck,Акушерство,1350,6829c325-53ff-42e0-ab59-6a0a315aae1e,https://edadeal.ru/lipeck/retailers/akusherstvo
2023-09-18 15:56:49.382463,lipeck,Gulliver Market,3079,f48b9055-14db-4429-a892-e338b92b5986,https://edadeal.ru/lipeck/retailers/gulliver-market
2023-09-18 15:56:49.382463,lipeck,Созвездие Красоты,912,320b1e34-b660-4876-911e-162a1fa9b0a4,https://edadeal.ru/lipeck/retailers/sozvezdie-krasoty
2023-09-18 15:56:49.382463,lipeck,Светофор,0,4a02789a-4469-40f6-8e4d-95fd4213a541,https://edadeal.ru/lipeck/retailers/svetofor
2023-09-18 15:56:49.382463,lipeck,Доброцен,0,5430ff99-7aec-4f54-8483-e77ce47d8d83,https://edadeal.ru/lipeck/retailers/dobrotsen
2023-09-18 15:56:49.382463,lipeck,Ашан,0,94d989a4-42c3-11e6-9419-52540010b608,https://edadeal.ru/lipeck/retailers/auchan
2023-09-18 15:56:49.382463,lipeck,Абсолют,0,94d9cd90-42c3-11e6-9419-52540010b608,https://edadeal.ru/lipeck/retailers/absolyut
2023-09-18 15:56:49.382463,lipeck,Линия,0,94d9c2cf-42c3-11e6-9419-52540010b608,https://edadeal.ru/lipeck/retailers/chain-stores-line
2023-09-18 15:56:49.382463,lipeck,Порядок,0,94db326a-42c3-11e6-9419-52540010b608,https://edadeal.ru/lipeck/retailers/poryadok
2023-09-18 15:56:49.382463,lipeck,Фасоль,0,94d99e47-42c3-11e6-9419-52540010b608,https://edadeal.ru/lipeck/retailers/myfasol
2023-09-18 15:56:49.382463,lipeck,Fix Price,0,5d628d61-577e-4396-bd0e-abe8cae31a4c,https://edadeal.ru/lipeck/retailers/fix-price
2023-09-18 15:56:49.382463,lipeck,Липка,0,480fa036-5213-482f-b419-7f33d50ef2aa,https://edadeal.ru/lipeck/retailers/lipka
2023-09-18 15:56:49.382463,lipeck,ТД Домовой,0,75fc6a9e-da67-4a90-8726-a9ab5b0fa716,https://edadeal.ru/lipeck/retailers/td-domovoj
2023-09-18 15:56:49.382463,lipeck,Ле’Муррр,0,3e065918-f7bd-484f-a0fd-c1807d29a596,https://edadeal.ru/lipeck/retailers/lemurrr
2023-09-18 15:56:49.382463,lipeck,Лукойл,0,6c259915-1fb1-4786-866e-02187096cfee,https://edadeal.ru/lipeck/retailers/lukoil
