name,level,slug,uuid,parentUuid
Продукты,1,food,3b31ab10-6311-11e6-849f-52540010b608,
Алкоголь,1,alcohol,3b337828-6311-11e6-849f-52540010b608,
Для дома,1,home-stuff,3b35b5d2-6311-11e6-849f-52540010b608,
Косметика и гигиена,1,cosmetics-hygiene,3b35d98e-6311-11e6-849f-52540010b608,
Для детей,1,for-kids,3b348b96-6311-11e6-849f-52540010b608,
Зоотовары,1,pet-supplies,3b36fba4-6311-11e6-849f-52540010b608,
Канцтовары,1,stationery,3b36fd72-6311-11e6-849f-52540010b608,
Авто,1,mkt-auto-470,a834d8a2-25a0-538d-9b73-fcf9d89368ac,
Досуг и развлечения,1,mkt-leisure-and-entertainment-474,dc7bc201-e180-5b09-85d4-1bdc8de2e4b0,
Книги,1,mkt-books-476,5dfaad84-3a8f-5c20-ba54-d43d6f21c270,
Компьютерная техника,1,mkt-computers-477,67aef637-fa77-59fd-96bb-e7b091b39b30,
Спорт и отдых,1,mkt-activities-481,ab62ef60-18eb-5fc1-ab07-d39a47de36fe,
Строительство и ремонт,1,mkt-construction-and-repair-482,25712009-20fb-554b-8567-e658c7329090,
"Дача, сад и огород",1,mkt-summer-residence-garden-and-kitchen-garden-953,dd4d0803-dc99-5535-8a75-29d6c8b0b922,
Бытовая техника,1,mkt-household-appliances-1076,267ffb0e-e147-50f8-8d4c-cd46a3324cd9,
Электроника,1,mkt-electronic-1077,4034e4ee-db86-54ab-b0e5-2424261c26ae,
"Одежда, обувь и аксессуары",1,mkt-clothes-shoes-and-accessories-1790,2cff43d7-0ff9-5787-ab3e-9914912cf796,
Товары для здоровья,1,mkt-pharmacy-1846,534b223e-e209-55de-a50f-dab1bba07197,
Молочные продукты,2,dairy,3b31b1a8-6311-11e6-849f-52540010b608,3b31ab10-6311-11e6-849f-52540010b608
Мясо,2,meat,3b31bbc8-6311-11e6-849f-52540010b608,3b31ab10-6311-11e6-849f-52540010b608
Птица,2,poultry,3b31bea5-6311-11e6-849f-52540010b608,3b31ab10-6311-11e6-849f-52540010b608
Яйцо,2,eggs,3b31c0fa-6311-11e6-849f-52540010b608,3b31ab10-6311-11e6-849f-52540010b608
Мясные продукты,2,meat-products,3b31c1f4-6311-11e6-849f-52540010b608,3b31ab10-6311-11e6-849f-52540010b608
Рыба,2,fish,3b31c719-6311-11e6-849f-52540010b608,3b31ab10-6311-11e6-849f-52540010b608
Майонез и соусы,2,mayonnaise-and-sauces,3b31cb57-6311-11e6-849f-52540010b608,3b31ab10-6311-11e6-849f-52540010b608
Бакалея,2,grocery,3b31cf9f-6311-11e6-849f-52540010b608,3b31ab10-6311-11e6-849f-52540010b608
Кофе и чай,2,coffee,3b334c54-6311-11e6-849f-52540010b608,3b31ab10-6311-11e6-849f-52540010b608
Кондитерские изделия,2,sweet-stuff,3b334edc-6311-11e6-849f-52540010b608,3b31ab10-6311-11e6-849f-52540010b608
"Фрукты, овощи",2,fruits-vegetables,3b3355da-6311-11e6-849f-52540010b608,3b31ab10-6311-11e6-849f-52540010b608
Хлеб,2,bread,3b335c7b-6311-11e6-849f-52540010b608,3b31ab10-6311-11e6-849f-52540010b608
Замороженные продукты,2,frozen-food,3b335ed0-6311-11e6-849f-52540010b608,3b31ab10-6311-11e6-849f-52540010b608
Консервы,2,canned-goods,3b3367a8-6311-11e6-849f-52540010b608,3b31ab10-6311-11e6-849f-52540010b608
Кулинария,2,cookery,3b336afa-6311-11e6-849f-52540010b608,3b31ab10-6311-11e6-849f-52540010b608
Напитки,2,beverages,3b336f02-6311-11e6-849f-52540010b608,3b31ab10-6311-11e6-849f-52540010b608
Пиво и сидр,2,beer-cider,3b337881-6311-11e6-849f-52540010b608,3b337828-6311-11e6-849f-52540010b608
Слабоалкогольные напитки,2,low-alcohol-drinks,3b337b51-6311-11e6-849f-52540010b608,3b337828-6311-11e6-849f-52540010b608
Вино,2,vino,3b337d8a-6311-11e6-849f-52540010b608,3b337828-6311-11e6-849f-52540010b608
Вермут,2,vermouth,3b347e9f-6311-11e6-849f-52540010b608,3b337828-6311-11e6-849f-52540010b608
Водка,2,vodka,3b3480b2-6311-11e6-849f-52540010b608,3b337828-6311-11e6-849f-52540010b608
Виски,2,whiskey,3b3485e9-6311-11e6-849f-52540010b608,3b337828-6311-11e6-849f-52540010b608
Коньяк и бренди,2,cognac-brandy,3b3486a8-6311-11e6-849f-52540010b608,3b337828-6311-11e6-849f-52540010b608
Другой алкоголь,2,other-alcohols,3b348954-6311-11e6-849f-52540010b608,3b337828-6311-11e6-849f-52540010b608
Средства для стирки,2,washing,3b35b6bc-6311-11e6-849f-52540010b608,3b35b5d2-6311-11e6-849f-52540010b608
Средства для посудомойки,2,dishwasher,3b35c3c3-6311-11e6-849f-52540010b608,3b35b5d2-6311-11e6-849f-52540010b608
Уборка и чистота,2,uborka_i_chistota,3b35c687-6311-11e6-849f-52540010b608,3b35b5d2-6311-11e6-849f-52540010b608
Товары для дома,2,tovary_dlia_doma,3b35c9d9-6311-11e6-849f-52540010b608,3b35b5d2-6311-11e6-849f-52540010b608
Посуда и принадлежности,2,posuda_i_prinadliezhnosti,3b35cd35-6311-11e6-849f-52540010b608,3b35b5d2-6311-11e6-849f-52540010b608
"Творчество, хобби, развлечения",2,tvorchiestvo_khobbi_razvliechieniia,3b35d07f-6311-11e6-849f-52540010b608,3b35b5d2-6311-11e6-849f-52540010b608
Для Пасхи,2,dlia_paskhi,3b3704e3-6311-11e6-849f-52540010b608,3b35b5d2-6311-11e6-849f-52540010b608
Косметика для ухода,2,care-cosmetics,3b36da27-6311-11e6-849f-52540010b608,3b35d98e-6311-11e6-849f-52540010b608
Уход за волосами,2,hair-care,3b35e364-6311-11e6-849f-52540010b608,3b35d98e-6311-11e6-849f-52540010b608
Декоративная Косметика,2,makeup,3b35ea79-6311-11e6-849f-52540010b608,3b35d98e-6311-11e6-849f-52540010b608
Уход за полостью рта,2,oral-care,3b35deb2-6311-11e6-849f-52540010b608,3b35d98e-6311-11e6-849f-52540010b608
Мыло,2,soap,3b35dd0e-6311-11e6-849f-52540010b608,3b35d98e-6311-11e6-849f-52540010b608
Гигиенические принадлежности,2,hygienic-accessories,3b36ea44-6311-11e6-849f-52540010b608,3b35d98e-6311-11e6-849f-52540010b608
Бумажные и ватные изделия,2,bumazhnyie_i_vatnyie_izdieliia,3b35d9fe-6311-11e6-849f-52540010b608,3b35d98e-6311-11e6-849f-52540010b608
Косметика для мужчин,2,cosmetics-for-men,3b35e699-6311-11e6-849f-52540010b608,3b35d98e-6311-11e6-849f-52540010b608
Бижутерия и аксессуары,2,jewellery,3b36e831-6311-11e6-849f-52540010b608,3b35d98e-6311-11e6-849f-52540010b608
Детское питание,2,baby-food,3b348bf6-6311-11e6-849f-52540010b608,3b348b96-6311-11e6-849f-52540010b608
"Подгузники, пеленки, салфетки",2,diapers-nappies-napkins,3b349023-6311-11e6-849f-52540010b608,3b348b96-6311-11e6-849f-52540010b608
Товары для младенцев,2,tovary_dlia_mladientsiev,3b349409-6311-11e6-849f-52540010b608,3b348b96-6311-11e6-849f-52540010b608
Игрушки,2,toys,3b349e0f-6311-11e6-849f-52540010b608,3b348b96-6311-11e6-849f-52540010b608
Для праздника,2,dlia_prazdnika,3b34a127-6311-11e6-849f-52540010b608,3b348b96-6311-11e6-849f-52540010b608
Детская косметика,2,dietskaia_kosmietika,3b34adf1-6311-11e6-849f-52540010b608,3b348b96-6311-11e6-849f-52540010b608
Для кошек,2,cats,3b36fc05-6311-11e6-849f-52540010b608,3b36fba4-6311-11e6-849f-52540010b608
Для собак,2,dogs,3b36fc63-6311-11e6-849f-52540010b608,3b36fba4-6311-11e6-849f-52540010b608
Для школы и офиса,2,dlia_shkoly_i_ofisa,3b36fdcc-6311-11e6-849f-52540010b608,3b36fd72-6311-11e6-849f-52540010b608
Для офиса,2,office,3b36fe29-6311-11e6-849f-52540010b608,3b36fd72-6311-11e6-849f-52540010b608
Телефоны,2,mkt-telephone-numbers-480,cb3e532c-c528-584c-b6f0-aae1f2acb0e8,4034e4ee-db86-54ab-b0e5-2424261c26ae
Аксессуары,2,mkt-accessories-and-consumables-490,28c3411b-5aae-5e7c-9e39-dfeec4b98849,67aef637-fa77-59fd-96bb-e7b091b39b30
Детская литература,2,mkt-childrens-literature-537,0336dcc2-b2c1-5428-8bb1-9c1905631132,5dfaad84-3a8f-5c20-ba54-d43d6f21c270
Техника для дома,2,mkt-household-540,1b8cfb50-a969-5916-aa1d-6bb95e64a19d,267ffb0e-e147-50f8-8d4c-cd46a3324cd9
Климатическая техника,2,mkt-climatic-equipment-541,dbfa63df-49e3-5d63-ba2e-3507c52cb1f0,267ffb0e-e147-50f8-8d4c-cd46a3324cd9
Мелкая техника для кухни,2,mkt-kitchen-542,8903c83b-8001-5157-bb31-2e7e7e56d64e,267ffb0e-e147-50f8-8d4c-cd46a3324cd9
Автохимия и автокосметика,2,mkt-autocosmetics-686,8b9a1429-122b-5a3d-892d-f34adaeb088a,a834d8a2-25a0-538d-9b73-fcf9d89368ac
Аксессуары и оборудование,2,mkt-accessories-689,26288c88-9744-51e3-9eff-91ea2fff2fd6,a834d8a2-25a0-538d-9b73-fcf9d89368ac
Масла и технические жидкости,2,mkt-autochemicals-690,7a0116a2-9c1f-58f2-9dc2-17b7a6375ed7,a834d8a2-25a0-538d-9b73-fcf9d89368ac
Медицинские материалы,2,mkt-medical-materials-737,805e6283-0619-5447-8f3c-28594d468b5e,534b223e-e209-55de-a50f-dab1bba07197
Туризм и отдых на природе,2,mkt-tourism-771,dceaa601-5ae7-59cf-9c30-c51b49096ae2,ab62ef60-18eb-5fc1-ab07-d39a47de36fe
Электрика,2,mkt-electrician-783,080ddd82-8625-520f-86d2-202090783ff2,25712009-20fb-554b-8567-e658c7329090
Подарочные наборы,2,mkt-gift-sets-974,7db3a403-2f9f-551e-b057-5e0eb6d05042,dc7bc201-e180-5b09-85d4-1bdc8de2e4b0
Техника для красоты,2,mkt-for-personal-care-1232,7fc6a35d-b495-5450-89cf-9d8ca8423231,267ffb0e-e147-50f8-8d4c-cd46a3324cd9
Портативная техника,2,mkt-portable-audio-1239,6cbe4132-f65f-5473-8ef1-a9370447da3f,4034e4ee-db86-54ab-b0e5-2424261c26ae
Водный спорт,2,mkt-water-sports-1301,090e7c7d-64e8-5c28-863a-9006deccde1f,ab62ef60-18eb-5fc1-ab07-d39a47de36fe
Тренажеры и фитнес,2,mkt-athletics-fitness-1305,966f90dd-a134-52e1-865d-0369c3d34be7,ab62ef60-18eb-5fc1-ab07-d39a47de36fe
Инструменты,2,mkt-tools-1341,47c3d30e-3d28-557c-932d-8beedf71c61c,25712009-20fb-554b-8567-e658c7329090
Материалы,2,mkt-materials-1342,2139e9da-1068-577f-b924-6434e4ad8eec,25712009-20fb-554b-8567-e658c7329090
Женская одежда,2,mkt-womens-clothing-1590,81af0e92-649a-5373-8f60-7ac534810eb6,2cff43d7-0ff9-5787-ab3e-9914912cf796
Мужская одежда,2,mkt-mens-clothing-1591,c0ba9be3-b98e-5f49-bfbc-ddb03d70dbed,2cff43d7-0ff9-5787-ab3e-9914912cf796
Детская одежда,2,mkt-childrens-clothes-1592,92b426a1-2691-5c48-8b62-983b014421b9,2cff43d7-0ff9-5787-ab3e-9914912cf796
Аксессуары,2,mkt-accessories-1593,cfbd1372-caf7-5e2e-b1a3-479ffbdc09f9,2cff43d7-0ff9-5787-ab3e-9914912cf796
Обувь,2,mkt-shoes-1713,ddeb4c82-94fd-5a42-8886-8c342623fcdf,2cff43d7-0ff9-5787-ab3e-9914912cf796
Аудио- и видеотехника,2,mkt-tv-and-audio-appliances-1896,2faf15ce-df3e-5dc8-b85c-956ab83d1e40,4034e4ee-db86-54ab-b0e5-2424261c26ae
"Пикник, барбекю, гриль",2,mkt-leisure-and-picnics-2019,33ed7280-5e83-5343-ae95-5f2098376640,dd4d0803-dc99-5535-8a75-29d6c8b0b922
Садовый инвентарь и инструменты,2,mkt-garden-tools-and-equipment-2478,12fa8dc4-b388-53ce-a353-69fed233db1c,dd4d0803-dc99-5535-8a75-29d6c8b0b922
Удобрения и уход за растениями,2,mkt-plant-protection-and-care-2498,5d23d9e7-30c1-5013-a9c3-7fffe8a963d0,dd4d0803-dc99-5535-8a75-29d6c8b0b922
Семена и саженцы,2,mkt-planting-material-2502,414f1d55-6fc9-5721-af95-0c8e353908f7,dd4d0803-dc99-5535-8a75-29d6c8b0b922
Лекарственные препараты и БАД,2,mkt-lekarstvennye-preparaty-i-bad-3274,a211ab9e-9275-5677-b276-4eb38fff72ca,534b223e-e209-55de-a50f-dab1bba07197
Ветаптека,2,mkt-vetapteka-3455,0448dd53-90b3-5ae1-a8f7-e8ea0f64925b,3b36fba4-6311-11e6-849f-52540010b608
Водоснабжение,2,mkt-vodosnabzhenie-3509,8661671b-e58c-5ad9-b47a-caa7b18b1e06,25712009-20fb-554b-8567-e658c7329090
Молоко,3,milk,3b31b275-6311-11e6-849f-52540010b608,3b31b1a8-6311-11e6-849f-52540010b608
Кисломолочные продукты,3,cultured-milk-foods,3b31b5d2-6311-11e6-849f-52540010b608,3b31b1a8-6311-11e6-849f-52540010b608
Сыр,3,cheese,3b31b30e-6311-11e6-849f-52540010b608,3b31b1a8-6311-11e6-849f-52540010b608
Сыр плавленый,3,cream-cheese,3b31b396-6311-11e6-849f-52540010b608,3b31b1a8-6311-11e6-849f-52540010b608
"Масло, маргарин, спред",3,maslo-margarin-spred,3b31b415-6311-11e6-849f-52540010b608,3b31b1a8-6311-11e6-849f-52540010b608
Творог,3,curd,3b31b65c-6311-11e6-849f-52540010b608,3b31b1a8-6311-11e6-849f-52540010b608
Сметана,3,sour-cream,3b31b6da-6311-11e6-849f-52540010b608,3b31b1a8-6311-11e6-849f-52540010b608
Сливки,3,cream,3b31b7b6-6311-11e6-849f-52540010b608,3b31b1a8-6311-11e6-849f-52540010b608
Йогурт,3,yogurt,3b31b862-6311-11e6-849f-52540010b608,3b31b1a8-6311-11e6-849f-52540010b608
Сырок,3,sweetened-cottage-cheese,3b31b8e0-6311-11e6-849f-52540010b608,3b31b1a8-6311-11e6-849f-52540010b608
Творожок,3,cottage-cheese,3b31b959-6311-11e6-849f-52540010b608,3b31b1a8-6311-11e6-849f-52540010b608
"Десерт, пудинг",3,dessert-pudding,3b31b9d5-6311-11e6-849f-52540010b608,3b31b1a8-6311-11e6-849f-52540010b608
Сыр творожный,3,cheese-curd,3b31ba57-6311-11e6-849f-52540010b608,3b31b1a8-6311-11e6-849f-52540010b608
Молоко сгущенное,3,condenced-milk,3b31bad1-6311-11e6-849f-52540010b608,3b31b1a8-6311-11e6-849f-52540010b608
Свинина,3,pork,3b31bc47-6311-11e6-849f-52540010b608,3b31bbc8-6311-11e6-849f-52540010b608
Говядина,3,beef,3b31bcc1-6311-11e6-849f-52540010b608,3b31bbc8-6311-11e6-849f-52540010b608
Полуфабрикаты из мяса,3,semi-finished-meat,3b31bde5-6311-11e6-849f-52540010b608,3b31bbc8-6311-11e6-849f-52540010b608
Цыпленок,3,chick,3b31bf4c-6311-11e6-849f-52540010b608,3b31bea5-6311-11e6-849f-52540010b608
Индейка,3,turkey,3b31bf9f-6311-11e6-849f-52540010b608,3b31bea5-6311-11e6-849f-52540010b608
Полуфабрикаты из птицы,3,semi-finished-poultry,3b31c04e-6311-11e6-849f-52540010b608,3b31bea5-6311-11e6-849f-52540010b608
Субпродукты из птицы,3,semi-finished-duck,3b31c0a3-6311-11e6-849f-52540010b608,3b31bea5-6311-11e6-849f-52540010b608
Куриное,3,chicken-eggs,3b31c14f-6311-11e6-849f-52540010b608,3b31c0fa-6311-11e6-849f-52540010b608
Колбаса вареная,3,sausage,3b31c24a-6311-11e6-849f-52540010b608,3b31c1f4-6311-11e6-849f-52540010b608
Сосиски,3,sausages,3b31c29e-6311-11e6-849f-52540010b608,3b31c1f4-6311-11e6-849f-52540010b608
Сардельки,3,sausages-1,3b31c2f3-6311-11e6-849f-52540010b608,3b31c1f4-6311-11e6-849f-52540010b608
Колбаса варено-копченая,3,boiled-smoked-sausage,3b31c3e9-6311-11e6-849f-52540010b608,3b31c1f4-6311-11e6-849f-52540010b608
Колбаса сырокопченая,3,cold-smoked-sausage,3b31c491-6311-11e6-849f-52540010b608,3b31c1f4-6311-11e6-849f-52540010b608
Копчености,3,smoked-meat,3b31c4f1-6311-11e6-849f-52540010b608,3b31c1f4-6311-11e6-849f-52540010b608
Паштет,3,pate,3b31c544-6311-11e6-849f-52540010b608,3b31c1f4-6311-11e6-849f-52540010b608
Карбонад,3,carbonad,3b31c5ed-6311-11e6-849f-52540010b608,3b31c1f4-6311-11e6-849f-52540010b608
Ветчина,3,ham,3b31c645-6311-11e6-849f-52540010b608,3b31c1f4-6311-11e6-849f-52540010b608
Колбаски,3,sausages-2,3b31c6af-6311-11e6-849f-52540010b608,3b31c1f4-6311-11e6-849f-52540010b608
Деликатесная рыба,3,delicacy-fish,3b31c777-6311-11e6-849f-52540010b608,3b31c719-6311-11e6-849f-52540010b608
Морепродукты,3,seafood,3b31c887-6311-11e6-849f-52540010b608,3b31c719-6311-11e6-849f-52540010b608
Сельдь,3,herring,3b31ca56-6311-11e6-849f-52540010b608,3b31c719-6311-11e6-849f-52540010b608
Икра,3,caviar,3b31caae-6311-11e6-849f-52540010b608,3b31c719-6311-11e6-849f-52540010b608
Копченая рыба,3,smoked-fish,3b31cb00-6311-11e6-849f-52540010b608,3b31c719-6311-11e6-849f-52540010b608
Майонез,3,mayonnaise,3b31cbad-6311-11e6-849f-52540010b608,3b31cb57-6311-11e6-849f-52540010b608
Кетчуп,3,ketchup,3b31cd2c-6311-11e6-849f-52540010b608,3b31cb57-6311-11e6-849f-52540010b608
Горчица,3,mustard,3b31cd83-6311-11e6-849f-52540010b608,3b31cb57-6311-11e6-849f-52540010b608
Хрен,3,horseradish,3b31cdd5-6311-11e6-849f-52540010b608,3b31cb57-6311-11e6-849f-52540010b608
Соусы,3,sauces,3b31ce28-6311-11e6-849f-52540010b608,3b31cb57-6311-11e6-849f-52540010b608
Масло растительное,3,vegetable-oil,3b31cff7-6311-11e6-849f-52540010b608,3b31cf9f-6311-11e6-849f-52540010b608
Макароны,3,macaroni,3b31d049-6311-11e6-849f-52540010b608,3b31cf9f-6311-11e6-849f-52540010b608
Крупы,3,cereals,3b31d219-6311-11e6-849f-52540010b608,3b31cf9f-6311-11e6-849f-52540010b608
Чипсы и снэки,3,chipsy-i-sneki,3b33308d-6311-11e6-849f-52540010b608,3b31cf9f-6311-11e6-849f-52540010b608
Орехи и семечки,3,orehi-i-semechki,3b3336c0-6311-11e6-849f-52540010b608,3b31cf9f-6311-11e6-849f-52540010b608
Сухофрукты и цукаты,3,dried-candied-fruits,3b3337a7-6311-11e6-849f-52540010b608,3b31cf9f-6311-11e6-849f-52540010b608
Мед,3,honey,3b333a01-6311-11e6-849f-52540010b608,3b31cf9f-6311-11e6-849f-52540010b608
Варенье и сиропы,3,jam-syrups,3b333ac8-6311-11e6-849f-52540010b608,3b31cf9f-6311-11e6-849f-52540010b608
"Соль, сахар",3,salt-sugar,3b333d53-6311-11e6-849f-52540010b608,3b31cf9f-6311-11e6-849f-52540010b608
Приправы,3,flavouring,3b33400a-6311-11e6-849f-52540010b608,3b31cf9f-6311-11e6-849f-52540010b608
Кондитерские п/ф,3,semi-finished-confectionery,3b3341f0-6311-11e6-849f-52540010b608,3b31cf9f-6311-11e6-849f-52540010b608
"Мука, смеси, компоненты для выпечки",3,flour,3b3343d2-6311-11e6-849f-52540010b608,3b31cf9f-6311-11e6-849f-52540010b608
Диетические продукты,3,dietary,3b334a83-6311-11e6-849f-52540010b608,3b31cf9f-6311-11e6-849f-52540010b608
Какао,3,cocoa,3b334bd0-6311-11e6-849f-52540010b608,3b31cf9f-6311-11e6-849f-52540010b608
Сухие завтраки,3,breakfast-cereals,3b31d1c2-6311-11e6-849f-52540010b608,3b31cf9f-6311-11e6-849f-52540010b608
Бульонные кубики,3,bouillon-cubes,038e22a3-ac1b-4011-849d-dbbd5ed088a0,3b31cf9f-6311-11e6-849f-52540010b608
Кофе растворимый,3,instant-coffee,3b334cd9-6311-11e6-849f-52540010b608,3b334c54-6311-11e6-849f-52540010b608
Кофе в зернах,3,beans-coffee,3b334d5b-6311-11e6-849f-52540010b608,3b334c54-6311-11e6-849f-52540010b608
Кофе молотый,3,ground-coffee,3b334ddb-6311-11e6-849f-52540010b608,3b334c54-6311-11e6-849f-52540010b608
Кофе в капсулах,3,capsules-coffee,3b334e5a-6311-11e6-849f-52540010b608,3b334c54-6311-11e6-849f-52540010b608
Чай,3,tea,3b334b4d-6311-11e6-849f-52540010b608,3b334c54-6311-11e6-849f-52540010b608
Конфеты,3,candy,3b3350f7-6311-11e6-849f-52540010b608,3b334edc-6311-11e6-849f-52540010b608
Шоколад,3,chocolate,3b334f68-6311-11e6-849f-52540010b608,3b334edc-6311-11e6-849f-52540010b608
Вафли,3,waffle,3b33504a-6311-11e6-849f-52540010b608,3b334edc-6311-11e6-849f-52540010b608
Торты,3,cakes,3b335320-6311-11e6-849f-52540010b608,3b334edc-6311-11e6-849f-52540010b608
Кексы и рулеты,3,cupcakes,3b33509f-6311-11e6-849f-52540010b608,3b334edc-6311-11e6-849f-52540010b608
Мармелад,3,marmalade,3b33515e-6311-11e6-849f-52540010b608,3b334edc-6311-11e6-849f-52540010b608
"Зефир, суфле и маршмеллоу",3,marshmallow,3b3351c5-6311-11e6-849f-52540010b608,3b334edc-6311-11e6-849f-52540010b608
Пастила,3,paste,3b335227-6311-11e6-849f-52540010b608,3b334edc-6311-11e6-849f-52540010b608
Пирожные,3,cakes-1,3b33538d-6311-11e6-849f-52540010b608,3b334edc-6311-11e6-849f-52540010b608
Печенье,3,cookie,3b334fef-6311-11e6-849f-52540010b608,3b334edc-6311-11e6-849f-52540010b608
Пряники,3,gingerbread,3b3353e4-6311-11e6-849f-52540010b608,3b334edc-6311-11e6-849f-52540010b608
Восточные сладости,3,orient-delight,3b335459-6311-11e6-849f-52540010b608,3b334edc-6311-11e6-849f-52540010b608
Жевательная резинка,3,chewing-gum,3b3354ba-6311-11e6-849f-52540010b608,3b334edc-6311-11e6-849f-52540010b608
Сладкая выпечка,3,pastries,3b33551d-6311-11e6-849f-52540010b608,3b334edc-6311-11e6-849f-52540010b608
Баранки и сушки,3,bagels,3b33557a-6311-11e6-849f-52540010b608,3b334edc-6311-11e6-849f-52540010b608
Фрукты свежие,3,fresh-fruits,3b335642-6311-11e6-849f-52540010b608,3b3355da-6311-11e6-849f-52540010b608
Овощи,3,vegetables,3b3356b2-6311-11e6-849f-52540010b608,3b3355da-6311-11e6-849f-52540010b608
Зелень,3,fresh-parsley,3b335762-6311-11e6-849f-52540010b608,3b3355da-6311-11e6-849f-52540010b608
Соленья,3,pickles,3b3357d3-6311-11e6-849f-52540010b608,3b3355da-6311-11e6-849f-52540010b608
Зелёные салаты,3,green-salads,3b335833-6311-11e6-849f-52540010b608,3b3355da-6311-11e6-849f-52540010b608
Грибы свежие,3,mushrooms,3b335b7f-6311-11e6-849f-52540010b608,3b3355da-6311-11e6-849f-52540010b608
Ягоды свежие,3,fresh-berries,3b335c1d-6311-11e6-849f-52540010b608,3b3355da-6311-11e6-849f-52540010b608
Батон,3,loaf,3b335cdd-6311-11e6-849f-52540010b608,3b335c7b-6311-11e6-849f-52540010b608
Пшеничный хлеб,3,wheat-bread,3b335d36-6311-11e6-849f-52540010b608,3b335c7b-6311-11e6-849f-52540010b608
Хлебцы хрустящие,3,crispbread,3b335e71-6311-11e6-849f-52540010b608,3b335c7b-6311-11e6-849f-52540010b608
Пшенично-ржаной,3,pshienichno_rzhanoi,3b3701d0-6311-11e6-849f-52540010b608,3b335c7b-6311-11e6-849f-52540010b608
Готовые замороженные блюда,3,frozen-dish,3b335f35-6311-11e6-849f-52540010b608,3b335ed0-6311-11e6-849f-52540010b608
Замороженные овощи,3,frozen-vegetables,3b335f9d-6311-11e6-849f-52540010b608,3b335ed0-6311-11e6-849f-52540010b608
Замороженные фрукты и ягоды,3,frozen-fruits-berries,3b335ffe-6311-11e6-849f-52540010b608,3b335ed0-6311-11e6-849f-52540010b608
Замороженная рыба,3,frozen-fish,3b33605c-6311-11e6-849f-52540010b608,3b335ed0-6311-11e6-849f-52540010b608
Замороженное мясо,3,frozen-meat,3b3360e5-6311-11e6-849f-52540010b608,3b335ed0-6311-11e6-849f-52540010b608
Замороженная птица,3,frozen-poultry,3b33629e-6311-11e6-849f-52540010b608,3b335ed0-6311-11e6-849f-52540010b608
Замороженные морепродукты,3,frozen-seafood,3b33632c-6311-11e6-849f-52540010b608,3b335ed0-6311-11e6-849f-52540010b608
Мороженое,3,ice-cream,3b33638e-6311-11e6-849f-52540010b608,3b335ed0-6311-11e6-849f-52540010b608
Сладкое,3,frozen-dessert,3b3363f2-6311-11e6-849f-52540010b608,3b335ed0-6311-11e6-849f-52540010b608
Замороженные полуфабрикаты,3,frozen-semifinished-products,3b336450-6311-11e6-849f-52540010b608,3b335ed0-6311-11e6-849f-52540010b608
Пельмени,3,pelmeni,3b336617-6311-11e6-849f-52540010b608,3b335ed0-6311-11e6-849f-52540010b608
Вареники,3,vareniki,3b336689-6311-11e6-849f-52540010b608,3b335ed0-6311-11e6-849f-52540010b608
Замороженные грибы,3,frozen-mushrooms,3b3366e6-6311-11e6-849f-52540010b608,3b335ed0-6311-11e6-849f-52540010b608
Тесто замороженное,3,frozen-dough,3b336746-6311-11e6-849f-52540010b608,3b335ed0-6311-11e6-849f-52540010b608
Мясные консервы,3,canned-meat,3b33680e-6311-11e6-849f-52540010b608,3b3367a8-6311-11e6-849f-52540010b608
Рыбные консервы,3,canned-fish,3b336871-6311-11e6-849f-52540010b608,3b3367a8-6311-11e6-849f-52540010b608
Овощные консервы,3,canned-vegetables,3b3368d3-6311-11e6-849f-52540010b608,3b3367a8-6311-11e6-849f-52540010b608
Грибные консервы,3,canned-mushrooms,3b3369c8-6311-11e6-849f-52540010b608,3b3367a8-6311-11e6-849f-52540010b608
Фруктовые консервы,3,canned-fruits,3b336a42-6311-11e6-849f-52540010b608,3b3367a8-6311-11e6-849f-52540010b608
Готовые блюда (консервы),3,сanned-food,3b336aa2-6311-11e6-849f-52540010b608,3b3367a8-6311-11e6-849f-52540010b608
Готовые салаты,3,salads,3b336b5b-6311-11e6-849f-52540010b608,3b336afa-6311-11e6-849f-52540010b608
Горячие блюда,3,hot-dishes,3b336d0a-6311-11e6-849f-52540010b608,3b336afa-6311-11e6-849f-52540010b608
Закуски,3,snacks,3b336e40-6311-11e6-849f-52540010b608,3b336afa-6311-11e6-849f-52540010b608
"Соки, нектары и сокосодержащие напитки",3,juices,3b336f65-6311-11e6-849f-52540010b608,3b336f02-6311-11e6-849f-52540010b608
Газированная вода,3,sparkling-water,3b337323-6311-11e6-849f-52540010b608,3b336f02-6311-11e6-849f-52540010b608
"Морс, компот, кисель",3,mors-compote-kissel,3b337446-6311-11e6-849f-52540010b608,3b336f02-6311-11e6-849f-52540010b608
Квас,3,kvass,3b33753b-6311-11e6-849f-52540010b608,3b336f02-6311-11e6-849f-52540010b608
Холодный чай,3,cold-tea,3b3375a8-6311-11e6-849f-52540010b608,3b336f02-6311-11e6-849f-52540010b608
Вода,3,water,3b3377c7-6311-11e6-849f-52540010b608,3b336f02-6311-11e6-849f-52540010b608
Сидр,3,cider,3b337af5-6311-11e6-849f-52540010b608,3b337881-6311-11e6-849f-52540010b608
Красное,3,red-wine,3b347396-6311-11e6-849f-52540010b608,3b337d8a-6311-11e6-849f-52540010b608
Белое,3,white-wine,3b347591-6311-11e6-849f-52540010b608,3b337d8a-6311-11e6-849f-52540010b608
Игристое и шампанское,3,champagne,3b3478c2-6311-11e6-849f-52540010b608,3b337d8a-6311-11e6-849f-52540010b608
Коньяк,3,cognac,3b34874b-6311-11e6-849f-52540010b608,3b3486a8-6311-11e6-849f-52540010b608
Текила,3,tequila,3b348892-6311-11e6-849f-52540010b608,3b348954-6311-11e6-849f-52540010b608
Ликёр,3,liqueur,3b348acd-6311-11e6-849f-52540010b608,3b348954-6311-11e6-849f-52540010b608
Бальзам,3,balsam,3b348b25-6311-11e6-849f-52540010b608,3b348954-6311-11e6-849f-52540010b608
Настойка,3,tincture,3b3488f1-6311-11e6-849f-52540010b608,3b348954-6311-11e6-849f-52540010b608
Стиральный порошок,3,washing-powder,3b35b8b3-6311-11e6-849f-52540010b608,3b35b6bc-6311-11e6-849f-52540010b608
Жидкое средство для стирки,3,washing-liquid,3b35bab9-6311-11e6-849f-52540010b608,3b35b6bc-6311-11e6-849f-52540010b608
Ополаскиватель для белья,3,conditioner,3b35be7a-6311-11e6-849f-52540010b608,3b35b6bc-6311-11e6-849f-52540010b608
Пятновыводитель,3,stain-remover,3b35c33e-6311-11e6-849f-52540010b608,3b35b6bc-6311-11e6-849f-52540010b608
Таблетки и капсулы для посудомойки,3,tablietki_i_kapsuly_dlia_posudomoiki,3b35c42b-6311-11e6-849f-52540010b608,3b35c3c3-6311-11e6-849f-52540010b608
Жидкое средство для посудомойки,3,zhidkoie_sriedstvo_dlia_posudomoiki,3b35c4a5-6311-11e6-849f-52540010b608,3b35c3c3-6311-11e6-849f-52540010b608
Ополаскиватель для посудомойки,3,opolaskivatiel_dlia_posudomoiki,3b35c56b-6311-11e6-849f-52540010b608,3b35c3c3-6311-11e6-849f-52540010b608
Соль для посудомойки,3,sol_dlia_posudomoiki,3b35c5d9-6311-11e6-849f-52540010b608,3b35c3c3-6311-11e6-849f-52540010b608
Чистящие средства,3,chistiashchiie_sriedstva,3b35c73c-6311-11e6-849f-52540010b608,3b35c687-6311-11e6-849f-52540010b608
Средства для мытья посуды,3,sriedstva_dlia_myt_ia_posudy,3b35c7cf-6311-11e6-849f-52540010b608,3b35c687-6311-11e6-849f-52540010b608
Освежители воздуха,3,osviezhitieli_vozdukha,3b35c859-6311-11e6-849f-52540010b608,3b35c687-6311-11e6-849f-52540010b608
Инвентарь для уборки,3,invientar_dlia_uborki,3b35c8e2-6311-11e6-849f-52540010b608,3b35c687-6311-11e6-849f-52540010b608
Домашний текстиль,3,domashnii_tiekstil,3b35cb17-6311-11e6-849f-52540010b608,3b35c9d9-6311-11e6-849f-52540010b608
Декор интерьера,3,diekor_intier_iera,3b35cba4-6311-11e6-849f-52540010b608,3b35c9d9-6311-11e6-849f-52540010b608
Хранение вещей,3,khranieniie_vieshchiei,3b35cc28-6311-11e6-849f-52540010b608,3b35c9d9-6311-11e6-849f-52540010b608
Хозяйственные товары,3,khoziaistviennyie_tovary,3b35ccb1-6311-11e6-849f-52540010b608,3b35c9d9-6311-11e6-849f-52540010b608
Посуда для сервировки стола,3,posuda_dlia_siervirovki_stola,3b35cdc1-6311-11e6-849f-52540010b608,3b35cd35-6311-11e6-849f-52540010b608
Посуда для приготовления пищи,3,posuda_dlia_prighotovlieniia_pishchi,3b35ce4c-6311-11e6-849f-52540010b608,3b35cd35-6311-11e6-849f-52540010b608
Одноразовая посуда,3,odnorazovaia_posuda,3b35cedb-6311-11e6-849f-52540010b608,3b35cd35-6311-11e6-849f-52540010b608
Кухонные принадлежности,3,kukhonnyie_prinadliezhnosti,3b35cf61-6311-11e6-849f-52540010b608,3b35cd35-6311-11e6-849f-52540010b608
Хранение продуктов,3,khranieniie_produktov,3b35cff3-6311-11e6-849f-52540010b608,3b35cd35-6311-11e6-849f-52540010b608
Товары для творчества,3,tovary_dlia_tvorchiestva,3b35d3db-6311-11e6-849f-52540010b608,3b35d07f-6311-11e6-849f-52540010b608
Сувениры,3,souvenirs,3b35d442-6311-11e6-849f-52540010b608,3b35d07f-6311-11e6-849f-52540010b608
Для защиты от солнца,3,dlya_zashchity_ot_solnca,3b35afd6-6311-11e6-849f-52540010b608,3b36da27-6311-11e6-849f-52540010b608
Для лица,3,face-care,3b36dbb2-6311-11e6-849f-52540010b608,3b36da27-6311-11e6-849f-52540010b608
Для тела,3,body,3b36dd8c-6311-11e6-849f-52540010b608,3b36da27-6311-11e6-849f-52540010b608
Для век,3,eyelid,3b36df50-6311-11e6-849f-52540010b608,3b36da27-6311-11e6-849f-52540010b608
Для ног,3,legs,3b36e0fb-6311-11e6-849f-52540010b608,3b36da27-6311-11e6-849f-52540010b608
Для рук,3,hands,3b36e5b4-6311-11e6-849f-52540010b608,3b36da27-6311-11e6-849f-52540010b608
Для депиляции,3,dlia_diepiliatsii,3b37061b-6311-11e6-849f-52540010b608,3b36da27-6311-11e6-849f-52540010b608
Шампунь,3,shampoo,3b35e3ed-6311-11e6-849f-52540010b608,3b35e364-6311-11e6-849f-52540010b608
Бальзам,3,hair-balm,3b35e44a-6311-11e6-849f-52540010b608,3b35e364-6311-11e6-849f-52540010b608
Маска,3,mask,3b35e5d6-6311-11e6-849f-52540010b608,3b35e364-6311-11e6-849f-52540010b608
Краска,3,dye,3b35e63f-6311-11e6-849f-52540010b608,3b35e364-6311-11e6-849f-52540010b608
Для лица,3,face,3b36d64f-6311-11e6-849f-52540010b608,3b35ea79-6311-11e6-849f-52540010b608
Для ногтей,3,nails,3b36d806-6311-11e6-849f-52540010b608,3b35ea79-6311-11e6-849f-52540010b608
Зубная паста,3,toothpaste,3b35e09e-6311-11e6-849f-52540010b608,3b35deb2-6311-11e6-849f-52540010b608
Ополаскиватель,3,rinser,3b35e108-6311-11e6-849f-52540010b608,3b35deb2-6311-11e6-849f-52540010b608
Зубная щётка,3,toothbrush,3b35e171-6311-11e6-849f-52540010b608,3b35deb2-6311-11e6-849f-52540010b608
Твердое,3,solid,3b35dd81-6311-11e6-849f-52540010b608,3b35dd0e-6311-11e6-849f-52540010b608
Жидкое,3,liquid,3b35ddeb-6311-11e6-849f-52540010b608,3b35dd0e-6311-11e6-849f-52540010b608
Хозяйственное,3,laundry,3b35de4d-6311-11e6-849f-52540010b608,3b35dd0e-6311-11e6-849f-52540010b608
Тампоны,3,tampons,3b36eac5-6311-11e6-849f-52540010b608,3b36ea44-6311-11e6-849f-52540010b608
Прокладки,3,sanitary-pads,3b36eb2a-6311-11e6-849f-52540010b608,3b36ea44-6311-11e6-849f-52540010b608
Прокладки ежедневные,3,regular-dailies,3b36eb8a-6311-11e6-849f-52540010b608,3b36ea44-6311-11e6-849f-52540010b608
Туалетная бумага,3,toilet-paper,3b35da5e-6311-11e6-849f-52540010b608,3b35d9fe-6311-11e6-849f-52540010b608
Бумажные полотенца и салфетки,3,bumazhnyie_polotientsa_i_salfietki,3b35dac4-6311-11e6-849f-52540010b608,3b35d9fe-6311-11e6-849f-52540010b608
Ватные диски и палочки,3,vatnyie_diski_i_palochki,3b35db25-6311-11e6-849f-52540010b608,3b35d9fe-6311-11e6-849f-52540010b608
Шампуни и гели,3,shampoos-and-gels,3b35e824-6311-11e6-849f-52540010b608,3b35e699-6311-11e6-849f-52540010b608
Для бритья,3,for-shaving,3b35e892-6311-11e6-849f-52540010b608,3b35e699-6311-11e6-849f-52540010b608
Дезодоранты,3,deodorants,3b35ea19-6311-11e6-849f-52540010b608,3b35e699-6311-11e6-849f-52540010b608
Бижутерия и аксессуары для детей,3,jewellery-kids,3b36e975-6311-11e6-849f-52540010b608,3b36e831-6311-11e6-849f-52540010b608
Смеси для кормления,3,baby-food-mixes,3b348f02-6311-11e6-849f-52540010b608,3b348bf6-6311-11e6-849f-52540010b608
Молочное,3,baby-food-milk,3b348c57-6311-11e6-849f-52540010b608,3b348bf6-6311-11e6-849f-52540010b608
Кисломолочное,3,baby-food-cultured-milk,3b348cd4-6311-11e6-849f-52540010b608,3b348bf6-6311-11e6-849f-52540010b608
Пюре мясные,3,baby-food-meat-puree,3b348d33-6311-11e6-849f-52540010b608,3b348bf6-6311-11e6-849f-52540010b608
Пюре овощные,3,baby-food-vegetable-puree,3b348d8a-6311-11e6-849f-52540010b608,3b348bf6-6311-11e6-849f-52540010b608
Пюре фруктовые,3,baby-food-fruit-puree,3b348de5-6311-11e6-849f-52540010b608,3b348bf6-6311-11e6-849f-52540010b608
Детское печенье,3,baby-food-cookies,3b348e47-6311-11e6-849f-52540010b608,3b348bf6-6311-11e6-849f-52540010b608
"Детские соки, морсы, компоты",3,baby-food-juices,3b348ea4-6311-11e6-849f-52540010b608,3b348bf6-6311-11e6-849f-52540010b608
Каши,3,baby-food-porridge,3b348f65-6311-11e6-849f-52540010b608,3b348bf6-6311-11e6-849f-52540010b608
Детская бакалея,3,baby-food-grocery,3b348fc3-6311-11e6-849f-52540010b608,3b348bf6-6311-11e6-849f-52540010b608
Подгузники,3,diapers,3b349085-6311-11e6-849f-52540010b608,3b349023-6311-11e6-849f-52540010b608
Трусики-подгузники,3,panties-diapers,3b3490de-6311-11e6-849f-52540010b608,3b349023-6311-11e6-849f-52540010b608
Впитывающие пеленки,3,absorbing-diapers,3b3493a4-6311-11e6-849f-52540010b608,3b349023-6311-11e6-849f-52540010b608
Влажные салфетки,3,wet-wipes,3b349339-6311-11e6-849f-52540010b608,3b349023-6311-11e6-849f-52540010b608
Пустышки,3,pustyshki,3b349465-6311-11e6-849f-52540010b608,3b349409-6311-11e6-849f-52540010b608
Бутылочки,3,butylochki,3b3494c0-6311-11e6-849f-52540010b608,3b349409-6311-11e6-849f-52540010b608
Детская посуда,3,posuda,3b349532-6311-11e6-849f-52540010b608,3b349409-6311-11e6-849f-52540010b608
Средства для купания младенцев,3,sriedstva_dlia_kupaniia_mladientsiev,3b3497d0-6311-11e6-849f-52540010b608,3b349409-6311-11e6-849f-52540010b608
Игровые наборы,3,toy-sets,3b349f97-6311-11e6-849f-52540010b608,3b349e0f-6311-11e6-849f-52540010b608
Игры настольные,3,board-games,3b349ff4-6311-11e6-849f-52540010b608,3b349e0f-6311-11e6-849f-52540010b608
Куклы,3,dolls,3b34a04c-6311-11e6-849f-52540010b608,3b349e0f-6311-11e6-849f-52540010b608
Наборы для творчества,3,nabory_dlia_tvorchiestva,3b370547-6311-11e6-849f-52540010b608,3b349e0f-6311-11e6-849f-52540010b608
Принадлежности,3,prinadliezhnosti,3b34a24b-6311-11e6-849f-52540010b608,3b34a127-6311-11e6-849f-52540010b608
Шампунь для детей,3,childrens-shampoo,3b34ae78-6311-11e6-849f-52540010b608,3b34adf1-6311-11e6-849f-52540010b608
Средства для купания,3,sriedstva_dlia_kupaniia,3b34b016-6311-11e6-849f-52540010b608,3b34adf1-6311-11e6-849f-52540010b608
Крем и масло,3,kriem_i_maslo,3b34b073-6311-11e6-849f-52540010b608,3b34adf1-6311-11e6-849f-52540010b608
Протеиновые батончики,3,proteinovye-batonchiki,fa88b064-a5cf-4a82-b993-e4e9b8c13cbd,3b31cf9f-6311-11e6-849f-52540010b608
"Кабели, разъемы, переходники",3,mkt-cables-connectors-adaptors-516,e556cefe-c33c-53a2-ae3c-842a1ab54a90,28c3411b-5aae-5e7c-9e39-dfeec4b98849
Аксессуары,3,mkt-accessories-544,bd8b805b-751c-5bc6-977a-980f46cc58bf,2faf15ce-df3e-5dc8-b85c-956ab83d1e40
Наушники и Bluetooth-гарнитуры,3,mkt-headphones-553,8290673a-f987-58bd-b48c-64806f6ca163,6cbe4132-f65f-5473-8ef1-a9370447da3f
Вентиляторы,3,mkt-fans-563,0281e5a5-1233-51ea-b986-e807a0a0b2b6,dbfa63df-49e3-5d63-ba2e-3507c52cb1f0
Напольные весы,3,mkt-scales-565,ec525e87-04e9-571e-8bf0-f1841b3bcc21,7fc6a35d-b495-5450-89cf-9d8ca8423231
Для дошкольников и младших классов,3,mkt-for-preschool-and-junior-school-603,6de0a9a3-2a13-59ac-a260-0212c17868eb,0336dcc2-b2c1-5428-8bb1-9c1905631132
Ароматизаторы салона,3,mkt-air-fresheners-723,e7b7c098-aaaa-5182-a58e-4ba3002c1800,8b9a1429-122b-5a3d-892d-f34adaeb088a
Смазки,3,mkt-lubrication-731,96cb207e-8982-5c92-94b8-e0fe18e3521b,7a0116a2-9c1f-58f2-9dc2-17b7a6375ed7
Пластыри,3,mkt-plasters-746,e2d530da-af81-5008-8828-e5399cf20e82,805e6283-0619-5447-8f3c-28594d468b5e
Ручной инструмент,3,mkt-hand-tools-776,aaa1b19d-b356-5a21-a8ef-adcf68426f9a,47c3d30e-3d28-557c-932d-8beedf71c61c
Рюкзаки,3,mkt-backpacks-865,77f40a0a-6dbd-57e8-88c1-067f23503fb3,dceaa601-5ae7-59cf-9c30-c51b49096ae2
Аксессуары для телефонов,3,mkt-mobile-phone-accessories-940,7088372b-d2e4-5849-bee9-699367c8ed23,cb3e532c-c528-584c-b6f0-aae1f2acb0e8
Коврики,3,mkt-mats-1511,822427bc-c030-5c8c-8bdf-f7d7be1c2ad3,dceaa601-5ae7-59cf-9c30-c51b49096ae2
"Ручные секаторы, высоторезы, сучкорезы",3,mkt-brush-cutters-and-choppers-1512,21202b1e-b385-5b25-b6d9-d434e1edaace,12fa8dc4-b388-53ce-a353-69fed233db1c
Аксессуары для плавания,3,mkt-swimming-accessories-1536,33549e1c-5675-587e-b352-30c8aebb2a80,090e7c7d-64e8-5c28-863a-9006deccde1f
Белье и купальники,3,mkt-lingerie-and-swimwear-1594,888baf64-f7f3-564a-bfbe-c4759e778f67,81af0e92-649a-5373-8f60-7ac534810eb6
Для девочек,3,mkt-for-girls-1645,d3be546b-a063-5b62-8a16-34338391a4f4,92b426a1-2691-5c48-8b62-983b014421b9
Белье и пляжная мода,3,mkt-lingerie-and-beach-fashion-1698,45646234-7c07-5498-9b1d-e2f08ca15e99,c0ba9be3-b98e-5f49-bfbc-ddb03d70dbed
Женская обувь,3,mkt-womens-shoes-1714,da0c14c9-d7f6-59ec-8d45-d47de6f30651,ddeb4c82-94fd-5a42-8886-8c342623fcdf
Сумки и чемоданы,3,mkt-bags-briefcases-suitcases-1716,03c4e119-4fab-5e98-821f-a349fd549eee,cfbd1372-caf7-5e2e-b1a3-479ffbdc09f9
Брелоки и ключницы,3,mkt-key-chains-key-rings-1717,4b7c1c7e-f134-5def-b76a-ffd0de01ea7e,cfbd1372-caf7-5e2e-b1a3-479ffbdc09f9
Инвентарь для ухода,3,mkt-care-accessories-2037,9b5a67d3-7359-56f4-985e-d4f6a6504e25,26288c88-9744-51e3-9eff-91ea2fff2fd6
Приготовление напитков,3,mkt-making-drinks-2038,462d74af-b8a8-5cac-8f82-f679dc5e1074,8903c83b-8001-5157-bb31-2e7e7e56d64e
Строительные материалы,3,mkt-construction-materials-2048,d9759d3f-7f2e-5ddc-a425-38efdfd888c8,2139e9da-1068-577f-b924-6434e4ad8eec
Средства от блох и клещей,3,mkt-anti-fleas-and-ticks-2382,e932ff0c-50db-5e2a-bbd0-b00f6033204e,0448dd53-90b3-5ae1-a8f7-e8ea0f64925b
Решетки,3,mkt-grills-racks-pans-2460,98295d75-c0b3-5b17-b3f2-38a1297e95bb,33ed7280-5e83-5343-ae95-5f2098376640
Инструменты для приготовления барбекю,3,mkt-barbecue-kits-2462,345e7fa3-b5b9-5ebc-9fa9-a3ffe7074413,33ed7280-5e83-5343-ae95-5f2098376640
"Субстраты, грунты, мульча",3,mkt-substrates-soil-2477,d50b19a5-0651-5087-a7b1-890fa0627f1b,5d23d9e7-30c1-5013-a9c3-7fffe8a963d0
Грабли,3,mkt-rakes-2482,5c2cfe54-3bcb-56b7-b879-728f477ae85b,12fa8dc4-b388-53ce-a353-69fed233db1c
Аксессуары для полива,3,mkt-watering-accessories-2491,a56a1402-0a81-551a-b2c9-17d98d0840a4,5d23d9e7-30c1-5013-a9c3-7fffe8a963d0
Шпалеры и опоры для растений,3,mkt-espaliers-and-plant-supports-2500,1b9308c0-95a9-5195-9733-c5d081cd7acc,5d23d9e7-30c1-5013-a9c3-7fffe8a963d0
"Семена овощей, ягод и цветов",3,mkt-vegetables-2503,18b513e4-b913-54e2-b3a5-4f27ad678587,414f1d55-6fc9-5721-af95-0c8e353908f7
Спортивное питание,3,mkt-sportivnoe-pitanie-2659,d197b6ac-5677-5cfc-abc1-c643978ec55a,966f90dd-a134-52e1-865d-0369c3d34be7
Уход за салоном,3,mkt-ukhod-za-salonom-2676,69b8f210-7ac3-5161-b8e9-6f98680607b9,8b9a1429-122b-5a3d-892d-f34adaeb088a
Уход за стеклами и фарами,3,mkt-ukhod-za-steklami-i-farami-2677,a06394a6-c44a-5f29-adcc-ac84cd77003f,8b9a1429-122b-5a3d-892d-f34adaeb088a
Уход за шинами и дисками,3,mkt-ukhod-za-shinami-i-diskami-2682,c8492458-0a56-5521-ae4d-d831fd0011bf,8b9a1429-122b-5a3d-892d-f34adaeb088a
Фильтры для воды и комплектующие,3,mkt-filtry-dlya-vody-i-komplektuyuschie-2824,e9e1012b-89d0-59b0-a56f-12644f67cb2f,8661671b-e58c-5ad9-b47a-caa7b18b1e06
Украшения,3,mkt-ukrasheniya-2922,ab69db57-31cb-58c3-bed7-d60e28fc3e1b,cfbd1372-caf7-5e2e-b1a3-479ffbdc09f9
Носки и колготки,3,mkt-noski-i-kolgotki-3106,6a80fe92-26de-55c7-84d4-07bf2ffa07e7,92b426a1-2691-5c48-8b62-983b014421b9
Лечение пищеварительной системы,3,mkt-lechenie-pischevaritelnoy-sistemy-3284,0979c07a-4723-528d-9471-529df527d027,a211ab9e-9275-5677-b276-4eb38fff72ca
Инструменты для обработки почвы,3,mkt-instrumenty-dlya-obrabotki-pochvy-3316,03f0606a-5f4e-5121-8986-60e00c5147e2,12fa8dc4-b388-53ce-a353-69fed233db1c
Инструменты для прочистки труб,3,mkt-instrumenty-dlya-prochistki-trub-3336,1a8d90cb-6923-5dfd-81a6-ba98e11d0bf0,8661671b-e58c-5ad9-b47a-caa7b18b1e06
Техника для уборки,3,mkt-tekhnika-dlya-uborki-3467,349af350-65af-51d9-8469-0df1abbefa49,1b8cfb50-a969-5916-aa1d-6bb95e64a19d
Техника для ухода за одеждой,3,mkt-tekhnika-dlya-ukhoda-za-odezhdoy-3468,b90d3bb6-192d-5089-bb39-3d47283a15cf,1b8cfb50-a969-5916-aa1d-6bb95e64a19d
Электроустановочные изделия,3,mkt-elektroustanovochnye-izdeliya-3503,9866e009-f91f-5b1e-898f-3af7be7e5058,080ddd82-8625-520f-86d2-202090783ff2
Аксессуары для наушников и гарнитур,3,mkt-aksessuary-dlya-naushnikov-i-garnitur-3589,db81eb26-fe0a-58d3-86de-25a751d5fe52,6cbe4132-f65f-5473-8ef1-a9370447da3f
Фены и фен-щётки,3,mkt-feny-i-fen-schyotki-3627,0e4313b7-0699-5435-b596-6304dca7c6c5,7fc6a35d-b495-5450-89cf-9d8ca8423231
Дрова,3,mkt-drova-3660,4bc8ac69-d138-5a51-9e87-193a689d0894,33ed7280-5e83-5343-ae95-5f2098376640
Средства для розжига,3,mkt-sredstva-dlya-rozzhiga-3661,1137a58a-69fb-55f6-a51a-a37c6cb55157,33ed7280-5e83-5343-ae95-5f2098376640
