id,uuid,slug,geoId,countryGeoId,name,localityName,isOwner,lvl,yandexPathArray,pathArray,tzname,utcOffset,center,fullName,inflections,region,kind
17225636,55920fea-6311-11e6-849f-52540010b608,sankt-peterburg,2,225,город Санкт-Петербург,Санкт-Петербург,True,4,"[225, 17, 10174, 2]","[17073865, 17073878, 17073957, 17225636]",Europe/Moscow,10800,"{'lat': 59.938951, 'lng': 30.315635}","Россия, Санкт-Петербург","['Санкт-Петербург', 'Санкт-Петербурга', 'Санкт-Петербургу', 'Санкт-Петербург', 'Санкт-Петербургом', 'Санкт-Петербурге', 'Санкт-Петербурге']",Россия,locality
17130899,551d1941-6311-11e6-849f-52540010b608,belgorod,4,225,город Белгород,Белгород,True,5,"[225, 3, 10645, 120914, 4]","[17073865, 17073877, 17073883, 17076023, 17130899]",Europe/Moscow,10800,"{'lat': 50.595415, 'lng': 36.587272}","Россия, Белгородская область, Белгород","['Белгород', 'Белгорода', 'Белгороду', 'Белгород', 'Белгородом', 'Белгороде', 'Белгороде']","Россия, Белгородская область",locality
17130779,551cfae3-6311-11e6-849f-52540010b608,ivanovo,5,225,город Иваново,Иваново,True,5,"[225, 3, 10687, 120943, 5]","[17073865, 17073877, 17073891, 17075979, 17130779]",Europe/Moscow,10800,"{'lat': 57.000348, 'lng': 40.973921}","Россия, Ивановская область, Иваново","['Иваново', 'Иванова', 'Иваново', 'Иваново', 'Ивановом', 'Иванове', 'Иванове']","Россия, Ивановская область",locality
17130432,5510214c-6311-11e6-849f-52540010b608,kaluga,6,225,город Калуга,Калуга,True,5,"[225, 3, 10693, 120852, 6]","[17073865, 17073877, 17073895, 17075983, 17130432]",Europe/Moscow,10800,"{'lat': 54.513845, 'lng': 36.261215}","Россия, Калужская область, Калуга","['Калуга', 'Калуги', 'Калуге', 'Калугу', 'Калугой', 'Калуге', 'Калуге']","Россия, Калужская область",locality
17130433,551747ab-6311-11e6-849f-52540010b608,kostroma,7,225,город Кострома,Кострома,True,5,"[225, 3, 10699, 120957, 7]","[17073865, 17073877, 17073900, 17075985, 17130433]",Europe/Moscow,10800,"{'lat': 57.767961, 'lng': 40.926858}","Россия, Костромская область, Кострома","['Кострома', 'Костромы', 'Костроме', 'Кострому', 'Костромой', 'Костроме', 'Костроме']","Россия, Костромская область",locality
17130872,5510d5f4-6311-11e6-849f-52540010b608,kursk,8,225,город Курск,Курск,True,5,"[225, 3, 10705, 120929, 8]","[17073865, 17073877, 17073904, 17075975, 17130872]",Europe/Moscow,10800,"{'lat': 51.730848, 'lng': 36.193015}","Россия, Курская область, Курск","['Курск', 'Курска', 'Курску', 'Курск', 'Курском', 'Курске', 'Курске']","Россия, Курская область",locality
17130441,55174ea0-6311-11e6-849f-52540010b608,lipeck,9,225,город Липецк,Липецк,True,5,"[225, 3, 10712, 120916, 9]","[17073865, 17073877, 17073906, 17075986, 17130441]",Europe/Moscow,10800,"{'lat': 52.60882, 'lng': 39.59922}","Россия, Липецкая область, Липецк","['Липецк', 'Липецка', 'Липецку', 'Липецк', 'Липецком', 'Липецке', 'Липецке']","Россия, Липецкая область",locality
17130517,550e3e81-6311-11e6-849f-52540010b608,orel,10,225,город Орёл,Орёл,True,5,"[225, 3, 10772, 120941, 10]","[17073865, 17073877, 17073915, 17075993, 17130517]",Europe/Moscow,10800,"{'lat': 52.970758, 'lng': 36.064355}","Россия, Орловская область, Орёл","['Орёл', 'Орла', 'Орлу', 'Орёл', 'Орлом', 'Орле', 'Орле']","Россия, Орловская область",locality
17130529,551797cd-6311-11e6-849f-52540010b608,ryazan,11,225,город Рязань,Рязань,True,5,"[225, 3, 10776, 120920, 11]","[17073865, 17073877, 17073937, 17075997, 17130529]",Europe/Moscow,10800,"{'lat': 54.629565, 'lng': 39.741914}","Россия, Рязанская область, Рязань","['Рязань', 'Рязани', 'Рязани', 'Рязань', 'Рязанью', 'Рязани', 'Рязани']","Россия, Рязанская область",locality
17130775,550ba9ad-6311-11e6-849f-52540010b608,smolensk,12,225,город Смоленск,Смоленск,True,5,"[225, 3, 10795, 120948, 12]","[17073865, 17073877, 17073942, 17076000, 17130775]",Europe/Moscow,10800,"{'lat': 54.782634, 'lng': 32.045288}","Россия, Смоленская область, Смоленск","['Смоленск', 'Смоленска', 'Смоленску', 'Смоленск', 'Смоленском', 'Смоленске', 'Смоленске']","Россия, Смоленская область",locality
17130614,5517accd-6311-11e6-849f-52540010b608,tambov,13,225,город Тамбов,Тамбов,True,5,"[225, 3, 10802, 120950, 13]","[17073865, 17073877, 17073944, 17076002, 17130614]",Europe/Moscow,10800,"{'lat': 52.721293, 'lng': 41.452749}","Россия, Тамбовская область, Тамбов","['Тамбов', 'Тамбова', 'Тамбову', 'Тамбов', 'Тамбовом', 'Тамбове', 'Тамбове']","Россия, Тамбовская область",locality
17130758,5517c4ed-6311-11e6-849f-52540010b608,tver,14,225,город Тверь,Тверь,True,5,"[225, 3, 10819, 120922, 14]","[17073865, 17073877, 17073945, 17076007, 17130758]",Europe/Moscow,10800,"{'lat': 56.859626, 'lng': 35.911856}","Россия, Тверская область, Тверь","['Тверь', 'Твери', 'Твери', 'Тверь', 'Тверью', 'Твери', 'Твери']","Россия, Тверская область",locality
17130623,550b3bad-6311-11e6-849f-52540010b608,tula,15,225,город Тула,Тула,True,5,"[225, 3, 10832, 120844, 15]","[17073865, 17073877, 17073947, 17076004, 17130623]",Europe/Moscow,10800,"{'lat': 54.193122, 'lng': 37.617348}","Россия, Тульская область, Тула","['Тула', 'Тулы', 'Туле', 'Тулу', 'Тулой', 'Туле', 'Туле']","Россия, Тульская область",locality
17130730,551299e4-6311-11e6-849f-52540010b608,yaroslavl,16,225,город Ярославль,Ярославль,True,5,"[225, 3, 10841, 120848, 16]","[17073865, 17073877, 17073956, 17076006, 17130730]",Europe/Moscow,10800,"{'lat': 57.62656, 'lng': 39.893813}","Россия, Ярославская область, Ярославль","['Ярославль', 'Ярославля', 'Ярославлю', 'Ярославль', 'Ярославлем', 'Ярославле', 'Ярославле']","Россия, Ярославская область",locality
17222374,558c2f18-6311-11e6-849f-52540010b608,petrozavodsk,18,225,город Петрозаводск,Петрозаводск,True,5,"[225, 17, 10933, 121030, 18]","[17073865, 17073878, 17073927, 17075662, 17222374]",Europe/Moscow,10800,"{'lat': 61.78502, 'lng': 34.346881}","Россия, Республика Карелия, Петрозаводск","['Петрозаводск', 'Петрозаводска', 'Петрозаводску', 'Петрозаводск', 'Петрозаводском', 'Петрозаводске', 'Петрозаводске']","Россия, Республика Карелия",locality
17222410,55861156-6311-11e6-849f-52540010b608,syktyvkar,19,225,город Сыктывкар,Сыктывкар,True,5,"[225, 17, 10939, 121029, 19]","[17073865, 17073878, 17073928, 17075621, 17222410]",Europe/Moscow,10800,"{'lat': 61.668796, 'lng': 50.8365}","Россия, Республика Коми, Сыктывкар","['Сыктывкар', 'Сыктывкара', 'Сыктывкару', 'Сыктывкар', 'Сыктывкаром', 'Сыктывкаре', 'Сыктывкаре']","Россия, Республика Коми",locality
17222280,5587e1f3-6311-11e6-849f-52540010b608,arhangelsk,20,225,город Архангельск,Архангельск,True,5,"[225, 17, 10842, 121011, 20]","[17073865, 17073878, 17073881, 17075541, 17222280]",Europe/Moscow,10800,"{'lat': 64.539912, 'lng': 40.515762}","Россия, Архангельская область, Архангельск","['Архангельск', 'Архангельска', 'Архангельску', 'Архангельск', 'Архангельском', 'Архангельске', 'Архангельске']","Россия, Архангельская область",locality
17222438,558c7f4b-6311-11e6-849f-52540010b608,vologda,21,225,город Вологда,Вологда,True,5,"[225, 17, 10853, 121017, 21]","[17073865, 17073878, 17073887, 17075543, 17222438]",Europe/Moscow,10800,"{'lat': 59.220496, 'lng': 39.891523}","Россия, Вологодская область, Вологда","['Вологда', 'Вологды', 'Вологде', 'Вологду', 'Вологдой', 'Вологде', 'Вологде']","Россия, Вологодская область",locality
17222338,5585f9b3-6311-11e6-849f-52540010b608,kaliningrad,22,225,город Калининград,Калининград,True,5,"[225, 17, 10857, 121022, 22]","[17073865, 17073878, 17073894, 17075639, 17222338]",Europe/Kaliningrad,7200,"{'lat': 54.710161, 'lng': 20.510138}","Россия, Калининградская область, Калининград","['Калининград', 'Калининграда', 'Калининграду', 'Калининград', 'Калининградом', 'Калининграде', 'Калининграде']","Россия, Калининградская область",locality
17222340,558e7caa-6311-11e6-849f-52540010b608,murmansk,23,225,город Мурманск,Мурманск,True,5,"[225, 17, 10897, 121021, 23]","[17073865, 17073878, 17073909, 17075728, 17222340]",Europe/Moscow,10800,"{'lat': 68.970663, 'lng': 33.074914}","Россия, Мурманская область, Мурманск","['Мурманск', 'Мурманска', 'Мурманску', 'Мурманск', 'Мурманском', 'Мурманске', 'Мурманске']","Россия, Мурманская область",locality
17222356,558e886d-6311-11e6-849f-52540010b608,velikii-novgorod,24,225,город Великий Новгород,Великий Новгород,True,5,"[225, 17, 10904, 121031, 24]","[17073865, 17073878, 17073911, 17075698, 17222356]",Europe/Moscow,10800,"{'lat': 58.522856, 'lng': 31.269813}","Россия, Новгородская область, Великий Новгород","['Великий Новгород', 'Великого Новгорода', 'Великому Новгороду', 'Великий Новгород', 'Великим Новгородом', 'Великом Новгороде', 'Великом Новгороде']","Россия, Новгородская область",locality
17222398,558c6e08-6311-11e6-849f-52540010b608,pskov,25,225,город Псков,Псков,True,5,"[225, 17, 10926, 121032, 25]","[17073865, 17073878, 17073919, 17075664, 17222398]",Europe/Moscow,10800,"{'lat': 57.819276, 'lng': 28.332458}","Россия, Псковская область, Псков","['Псков', 'Пскова', 'Пскову', 'Псков', 'Псковом', 'Пскове', 'Пскове']","Россия, Псковская область",locality
17194925,5562c056-6311-11e6-849f-52540010b608,mahachkala,28,225,город Махачкала,Махачкала,True,5,"[225, 102444, 11010, 121199, 28]","[17073865, 17073876, 17073924, 17075588, 17194925]",Europe/Moscow,10800,"{'lat': 42.983103, 'lng': 47.504748}","Россия, Республика Дагестан, Махачкала","['Махачкала', 'Махачкалы', 'Махачкале', 'Махачкалу', 'Махачкалой', 'Махачкале', 'Махачкале']","Россия, Республика Дагестан",locality
17192739,5574d8d7-6311-11e6-849f-52540010b608,nalchik,30,225,город Нальчик,Нальчик,True,5,"[225, 102444, 11013, 121209, 30]","[17073865, 17073876, 17073893, 17075655, 17192739]",Europe/Moscow,10800,"{'lat': 43.485259, 'lng': 43.607072}","Россия, Кабардино-Балкарская Республика, Нальчик","['Нальчик', 'Нальчика', 'Нальчику', 'Нальчик', 'Нальчиком', 'Нальчике', 'Нальчике']","Россия, Кабардино-Балкарская Республика",locality
17192393,556c49cf-6311-11e6-849f-52540010b608,vladikavkaz,33,225,город Владикавказ,Владикавказ,True,5,"[225, 102444, 11021, 121198, 33]","[17073865, 17073876, 17073932, 17076084, 17192393]",Europe/Moscow,10800,"{'lat': 43.024617, 'lng': 44.681768}","Россия, Республика Северная Осетия — Алания, Владикавказ","['Владикавказ', 'Владикавказа', 'Владикавказу', 'Владикавказ', 'Владикавказом', 'Владикавказе', 'Владикавказе']","Россия, Республика Северная Осетия — Алания",locality
17238872,559d9edb-6311-11e6-849f-52540010b608,krasnodar,35,225,город Краснодар,Краснодар,True,5,"[225, 26, 10995, 121158, 35]","[17073865, 17073874, 17073901, 17075581, 17238872]",Europe/Moscow,10800,"{'lat': 45.03547, 'lng': 38.975313}","Россия, Краснодарский край, Краснодар","['Краснодар', 'Краснодара', 'Краснодару', 'Краснодар', 'Краснодаром', 'Краснодаре', 'Краснодаре']","Россия, Краснодарский край",locality
17194947,5577a741-6311-11e6-849f-52540010b608,stavropol,36,225,город Ставрополь,Ставрополь,True,5,"[225, 102444, 11069, 121190, 36]","[17073865, 17073876, 17073943, 17075619, 17194947]",Europe/Moscow,10800,"{'lat': 45.043315, 'lng': 41.969111}","Россия, Ставропольский край, Ставрополь","['Ставрополь', 'Ставрополя', 'Ставрополю', 'Ставрополь', 'Ставрополем', 'Ставрополе', 'Ставрополе']","Россия, Ставропольский край",locality
17238757,559d9415-6311-11e6-849f-52540010b608,astrahan,37,225,город Астрахань,Астрахань,True,5,"[225, 26, 10946, 121165, 37]","[17073865, 17073874, 17073882, 17075546, 17238757]",Europe/Astrakhan,14400,"{'lat': 46.347616, 'lng': 48.030175}","Россия, Астраханская область, Астрахань","['Астрахань', 'Астрахани', 'Астрахани', 'Астрахань', 'Астраханью', 'Астрахани', 'Астрахани']","Россия, Астраханская область",locality
17238851,55a9a424-6311-11e6-849f-52540010b608,volgograd,38,225,город Волгоград,Волгоград,True,5,"[225, 26, 10950, 121159, 38]","[17073865, 17073874, 17073886, 17075552, 17238851]",Europe/Volgograd,10800,"{'lat': 48.707068, 'lng': 44.516979}","Россия, Волгоградская область, Волгоград","['Волгоград', 'Волгограда', 'Волгограду', 'Волгоград', 'Волгоградом', 'Волгограде', 'Волгограде']","Россия, Волгоградская область",locality
17238769,55a2bbb9-6311-11e6-849f-52540010b608,rostov-na-donu,39,225,город Ростов-на-Дону,Ростов-на-Дону,True,5,"[225, 26, 11029, 121146, 39]","[17073865, 17073874, 17073936, 17075610, 17238769]",Europe/Moscow,10800,"{'lat': 47.222078, 'lng': 39.720349}","Россия, Ростовская область, Ростов-на-Дону","['Ростов-на-Дону', 'Ростова-на-Дону', 'Ростову-на-Дону', 'Ростов-на-Дону', 'Ростовом-на-Дону', 'Ростове-на-Дону', 'Ростове-на-Дону']","Россия, Ростовская область",locality
17177921,55558f59-6311-11e6-849f-52540010b608,ioshkar-ola,41,225,город Йошкар-Ола,Йошкар-Ола,True,5,"[225, 40, 11077, 120979, 41]","[17073865, 17073873, 17073929, 17075569, 17177921]",Europe/Moscow,10800,"{'lat': 56.6316, 'lng': 47.88618}","Россия, Республика Марий Эл, Йошкар-Ола","['Йошкар-Ола', 'Йошкар-Олы', 'Йошкар-Оле', 'Йошкар-Олу', 'Йошкар-Олой', 'Йошкар-Оле', 'Йошкар-Оле']","Россия, Республика Марий Эл",locality
17178440,554d8b88-6311-11e6-849f-52540010b608,saransk,42,225,город Саранск,Саранск,True,5,"[225, 40, 11117, 121905, 42]","[17073865, 17073873, 17073930, 17075613, 17178440]",Europe/Moscow,10800,"{'lat': 54.187433, 'lng': 45.183939}","Россия, Республика Мордовия, Саранск","['Саранск', 'Саранска', 'Саранску', 'Саранск', 'Саранском', 'Саранске', 'Саранске']","Россия, Республика Мордовия",locality
17239230,55a26682-6311-11e6-849f-52540010b608,kazan,43,225,город Казань,Казань,True,5,"[225, 40, 11119, 120894, 43]","[17073865, 17073873, 17073933, 17075638, 17239230]",Europe/Moscow,10800,"{'lat': 55.796129, 'lng': 49.106414}","Россия, Республика Татарстан, Казань","['Казань', 'Казани', 'Казани', 'Казань', 'Казанью', 'Казани', 'Казани']","Россия, Республика Татарстан",locality
17178029,55482b09-6311-11e6-849f-52540010b608,izhevsk,44,225,город Ижевск,Ижевск,True,5,"[225, 40, 11148, 120877, 44]","[17073865, 17073873, 17073949, 17075637, 17178029]",Europe/Samara,14400,"{'lat': 56.852677, 'lng': 53.206896}","Россия, Удмуртская Республика, Ижевск","['Ижевск', 'Ижевска', 'Ижевску', 'Ижевск', 'Ижевском', 'Ижевске', 'Ижевске']","Россия, Удмуртская Республика",locality
17177814,5551c9ac-6311-11e6-849f-52540010b608,cheboksary,45,225,город Чебоксары,Чебоксары,True,5,"[225, 40, 11156, 120969, 45]","[17073865, 17073873, 17073954, 17075671, 17177814]",Europe/Moscow,10800,"{'lat': 56.13992, 'lng': 47.247731}","Россия, Чувашская Республика, Чебоксары","['Чебоксары', 'Чебоксар', 'Чебоксарам', 'Чебоксары', 'Чебоксарами', 'Чебоксарах', 'Чебоксарах']","Россия, Чувашская Республика",locality
17178176,554bf887-6311-11e6-849f-52540010b608,kirov,46,225,город Киров,Киров,True,5,"[225, 40, 11070, 120973, 46]","[17073865, 17073873, 17073899, 17075576, 17178176]",Europe/Moscow,10800,"{'lat': 58.603595, 'lng': 49.668019}","Россия, Кировская область, Киров","['Киров', 'Кирова', 'Кирову', 'Киров', 'Кировом', 'Кирове', 'Кирове']","Россия, Кировская область",locality
17178274,554da2a8-6311-11e6-849f-52540010b608,nizhnii-novgorod,47,225,город Нижний Новгород,Нижний Новгород,True,5,"[225, 40, 11079, 120911, 47]","[17073865, 17073873, 17073910, 17075594, 17178274]",Europe/Moscow,10800,"{'lat': 56.326799, 'lng': 44.00652}","Россия, Нижегородская область, Нижний Новгород","['Нижний Новгород', 'Нижнего Новгорода', 'Нижнему Новгороду', 'Нижний Новгород', 'Нижним Новгородом', 'Нижнем Новгороде', 'Нижнем Новгороде']","Россия, Нижегородская область",locality
17178378,554dbeee-6311-11e6-849f-52540010b608,orenburg,48,225,город Оренбург,Оренбург,True,5,"[225, 40, 11084, 120872, 48]","[17073865, 17073873, 17073914, 17075603, 17178378]",Asia/Yekaterinburg,18000,"{'lat': 51.768199, 'lng': 55.096955}","Россия, Оренбургская область, Оренбург","['Оренбург', 'Оренбурга', 'Оренбургу', 'Оренбург', 'Оренбургом', 'Оренбурге', 'Оренбурге']","Россия, Оренбургская область",locality
17178387,555fac6d-6311-11e6-849f-52540010b608,penza,49,225,город Пенза,Пенза,True,5,"[225, 40, 11095, 120962, 49]","[17073865, 17073873, 17073916, 17075605, 17178387]",Europe/Moscow,10800,"{'lat': 53.195042, 'lng': 45.018318}","Россия, Пензенская область, Пенза","['Пенза', 'Пензы', 'Пензе', 'Пензу', 'Пензой', 'Пензе', 'Пензе']","Россия, Пензенская область",locality
17178406,5555fc26-6311-11e6-849f-52540010b608,perm,50,225,город Пермь,Пермь,True,5,"[225, 40, 11108, 120888, 50]","[17073865, 17073873, 17073917, 17075607, 17178406]",Asia/Yekaterinburg,18000,"{'lat': 58.010454, 'lng': 56.229441}","Россия, Пермский край, Пермь","['Пермь', 'Перми', 'Перми', 'Пермь', 'Пермью', 'Перми', 'Перми']","Россия, Пермский край",locality
17178509,554972c2-6311-11e6-849f-52540010b608,samara,51,225,город Самара,Самара,True,5,"[225, 40, 11131, 120861, 51]","[17073865, 17073873, 17073938, 17075612, 17178509]",Europe/Samara,14400,"{'lat': 53.195876, 'lng': 50.100199}","Россия, Самарская область, Самара","['Самара', 'Самары', 'Самаре', 'Самару', 'Самарой', 'Самаре', 'Самаре']","Россия, Самарская область",locality
17232287,558ee160-6311-11e6-849f-52540010b608,kurgan,53,225,город Курган,Курган,True,5,"[225, 52, 11158, 121138, 53]","[17073865, 17073872, 17073903, 17075774, 17232287]",Asia/Yekaterinburg,18000,"{'lat': 55.441005, 'lng': 65.341122}","Россия, Курганская область, Курган","['Курган', 'Кургана', 'Кургану', 'Курган', 'Курганом', 'Кургане', 'Кургане']","Россия, Курганская область",locality
17239265,55a3237a-6311-11e6-849f-52540010b608,ekaterinburg,54,225,город Екатеринбург,Екатеринбург,True,5,"[225, 52, 11162, 121110, 54]","[17073865, 17073872, 17073941, 17075635, 17239265]",Asia/Yekaterinburg,18000,"{'lat': 56.838011, 'lng': 60.597465}","Россия, Свердловская область, Екатеринбург","['Екатеринбург', 'Екатеринбурга', 'Екатеринбургу', 'Екатеринбург', 'Екатеринбургом', 'Екатеринбурге', 'Екатеринбурге']","Россия, Свердловская область",locality
17232190,5599c642-6311-11e6-849f-52540010b608,tumen,55,225,город Тюмень,Тюмень,True,5,"[225, 52, 11176, 121134, 55]","[17073865, 17073872, 17073948, 17075804, 17232190]",Asia/Yekaterinburg,18000,"{'lat': 57.152986, 'lng': 65.541231}","Россия, Тюменская область, Тюмень","['Тюмень', 'Тюмени', 'Тюмени', 'Тюмень', 'Тюменью', 'Тюмени', 'Тюмени']","Россия, Тюменская область",locality
17232299,55a34462-6311-11e6-849f-52540010b608,chelyabinsk,56,225,город Челябинск,Челябинск,True,5,"[225, 52, 11225, 121115, 56]","[17073865, 17073872, 17073952, 17075629, 17232299]",Asia/Yekaterinburg,18000,"{'lat': 55.159897, 'lng': 61.402554}","Россия, Челябинская область, Челябинск","['Челябинск', 'Челябинска', 'Челябинску', 'Челябинск', 'Челябинском', 'Челябинске', 'Челябинске']","Россия, Челябинская область",locality
17239130,5599e9be-6311-11e6-849f-52540010b608,hanty-mansiisk,57,225,город Ханты-Мансийск,Ханты-Мансийск,True,5,"[225, 52, 11193, 121121, 57]","[17073865, 17073872, 17073948, 17073984, 17075810, 17239130]",Asia/Yekaterinburg,18000,"{'lat': 61.00318, 'lng': 69.018902}","Россия, Ханты-Мансийский автономный округ - Югра, Ханты-Мансийск","['Ханты-Мансийск', 'Ханты-Мансийска', 'Ханты-Мансийску', 'Ханты-Мансийск', 'Ханты-Мансийском', 'Ханты-Мансийске', 'Ханты-Мансийске']","Россия, Ханты-Мансийский автономный округ - Югра",locality
17239181,559e47c4-6311-11e6-849f-52540010b608,salehard,58,225,город Салехард,Салехард,True,5,"[225, 52, 11232, 121140, 58]","[17073865, 17073872, 17073948, 17073985, 17075795, 17239181]",Asia/Yekaterinburg,18000,"{'lat': 66.529865, 'lng': 66.614507}","Россия, Ямало-Ненецкий автономный округ, Салехард","['Салехард', 'Салехарда', 'Салехарду', 'Салехард', 'Салехардом', 'Салехарде', 'Салехарде']","Россия, Ямало-Ненецкий автономный округ",locality
17191362,5560d801-6311-11e6-849f-52540010b608,krasnoyarsk,62,225,город Красноярск,Красноярск,True,5,"[225, 59, 11309, 121043, 62]","[17073865, 17073871, 17073902, 17076034, 17191362]",Asia/Krasnoyarsk,25200,"{'lat': 56.010563, 'lng': 92.852572}","Россия, Красноярский край, Красноярск","['Красноярск', 'Красноярска', 'Красноярску', 'Красноярск', 'Красноярском', 'Красноярске', 'Красноярске']","Россия, Красноярский край",locality
17191035,5571c50b-6311-11e6-849f-52540010b608,irkutsk,63,225,город Иркутск,Иркутск,True,5,"[225, 59, 11266, 121075, 63]","[17073865, 17073871, 17073892, 17075770, 17191035]",Asia/Irkutsk,28800,"{'lat': 52.28959, 'lng': 104.280608}","Россия, Иркутская область, Иркутск","['Иркутск', 'Иркутска', 'Иркутску', 'Иркутск', 'Иркутском', 'Иркутске', 'Иркутске']","Россия, Иркутская область",locality
17191005,555d7086-6311-11e6-849f-52540010b608,kemerovo,64,225,город Кемерово,Кемерово,True,5,"[225, 59, 11282, 121060, 64]","[17073865, 17073871, 17073898, 17075961, 17191005]",Asia/Novokuznetsk,25200,"{'lat': 55.3552, 'lng': 86.086848}","Россия, Кемеровская область (Кузбасс), Кемерово","['Кемерово', 'Кемерова', 'Кемерову', 'Кемерово', 'Кемеровом', 'Кемерове', 'Кемерове']","Россия, Кемеровская область (Кузбасс)",locality
17191160,5563240f-6311-11e6-849f-52540010b608,novosibirsk,65,225,город Новосибирск,Новосибирск,True,5,"[225, 59, 11316, 121037, 65]","[17073865, 17073871, 17073912, 17075786, 17191160]",Asia/Novosibirsk,25200,"{'lat': 55.030199, 'lng': 82.92043}","Россия, Новосибирская область, Новосибирск","['Новосибирск', 'Новосибирска', 'Новосибирску', 'Новосибирск', 'Новосибирском', 'Новосибирске', 'Новосибирске']","Россия, Новосибирская область",locality
17191084,5566aff8-6311-11e6-849f-52540010b608,omsk,66,225,город Омск,Омск,True,5,"[225, 59, 11318, 121084, 66]","[17073865, 17073871, 17073913, 17075789, 17191084]",Asia/Omsk,21600,"{'lat': 54.989342, 'lng': 73.368212}","Россия, Омская область, Омск","['Омск', 'Омска', 'Омску', 'Омск', 'Омском', 'Омске', 'Омске']","Россия, Омская область",locality
17190961,556a12f4-6311-11e6-849f-52540010b608,tomsk,67,225,город Томск,Томск,True,5,"[225, 59, 11353, 121097, 67]","[17073865, 17073871, 17073946, 17075802, 17190961]",Asia/Tomsk,25200,"{'lat': 56.48464, 'lng': 84.947649}","Россия, Томская область, Томск","['Томск', 'Томска', 'Томску', 'Томск', 'Томском', 'Томске', 'Томске']","Россия, Томская область",locality
17191038,55650a41-6311-11e6-849f-52540010b608,chita,68,225,город Чита,Чита,True,5,"[225, 73, 21949, 120839, 68]","[17073865, 17073871, 17073890, 17075813, 17191038]",Asia/Chita,32400,"{'lat': 52.033638, 'lng': 113.501052}","Россия, Забайкальский край, Чита","['Чита', 'Читы', 'Чите', 'Читу', 'Читой', 'Чите', 'Чите']","Россия, Забайкальский край",locality
17141067,552be809-6311-11e6-849f-52540010b608,yakutsk,74,225,город Якутск,Якутск,True,5,"[225, 73, 11443, 121172, 74]","[17073865, 17073875, 17073931, 17075817, 17141067]",Asia/Yakutsk,32400,"{'lat': 62.02722, 'lng': 129.732181}","Россия, Республика Саха (Якутия), Якутск","['Якутск', 'Якутска', 'Якутску', 'Якутск', 'Якутском', 'Якутске', 'Якутске']","Россия, Республика Саха (Якутия)",locality
17141069,551af08e-6311-11e6-849f-52540010b608,vladivostok,75,225,город Владивосток,Владивосток,True,5,"[225, 73, 11409, 120833, 75]","[17073865, 17073875, 17073918, 17075763, 17141069]",Asia/Vladivostok,36000,"{'lat': 43.115536, 'lng': 131.885485}","Россия, Приморский край, Владивосток","['Владивосток', 'Владивостока', 'Владивостоку', 'Владивосток', 'Владивостоком', 'Владивостоке', 'Владивостоке']","Россия, Приморский край",locality
17141098,551f4570-6311-11e6-849f-52540010b608,habarovsk,76,225,город Хабаровск,Хабаровск,True,5,"[225, 73, 11457, 121169, 76]","[17073865, 17073875, 17073951, 17075809, 17141098]",Asia/Vladivostok,36000,"{'lat': 48.480223, 'lng': 135.071917}","Россия, Хабаровский край, Хабаровск","['Хабаровск', 'Хабаровска', 'Хабаровску', 'Хабаровск', 'Хабаровском', 'Хабаровске', 'Хабаровске']","Россия, Хабаровский край",locality
17141126,5524cd35-6311-11e6-849f-52540010b608,blagoveshensk,77,225,город Благовещенск,Благовещенск,True,5,"[225, 73, 11375, 121173, 77]","[17073865, 17073875, 17073880, 17076063, 17141126]",Asia/Yakutsk,32400,"{'lat': 50.290658, 'lng': 127.527173}","Россия, Амурская область, Благовещенск","['Благовещенск', 'Благовещенска', 'Благовещенску', 'Благовещенск', 'Благовещенском', 'Благовещенске', 'Благовещенске']","Россия, Амурская область",locality
17138063,5516d168-6311-11e6-849f-52540010b608,petropavlovsk-kamchatskii,78,225,город Петропавловск-Камчатский,Петропавловск-Камчатский,True,5,"[225, 73, 11398, 121184, 78]","[17073865, 17073875, 17073896, 17075792, 17138063]",Asia/Kamchatka,43200,"{'lat': 53.024263, 'lng': 158.643504}","Россия, Камчатский край, Петропавловск-Камчатский","['Петропавловск-Камчатский', 'Петропавловска-Камчатского', 'Петропавловску-Камчатскому', 'Петропавловск-Камчатский', 'Петропавловском-Камчатским', 'Петропавловске-Камчатском', 'Петропавловске-Камчатском']","Россия, Камчатский край",locality
17141119,551a3f7e-6311-11e6-849f-52540010b608,magadan,79,225,город Магадан,Магадан,True,5,"[225, 73, 11403, 121188, 79]","[17073865, 17073875, 17073907, 17075778, 17141119]",Asia/Magadan,39600,"{'lat': 59.565153, 'lng': 150.80859}","Россия, Магаданская область, Магадан","['Магадан', 'Магадана', 'Магадану', 'Магадан', 'Магаданом', 'Магадане', 'Магадане']","Россия, Магаданская область",locality
17141064,551f364b-6311-11e6-849f-52540010b608,uzhno-sahalinsk,80,225,город Южно-Сахалинск,Южно-Сахалинск,True,5,"[225, 73, 11450, 121182, 80]","[17073865, 17073875, 17073940, 17075816, 17141064]",Asia/Sakhalin,39600,"{'lat': 46.95777, 'lng': 142.729587}","Россия, Сахалинская область, Южно-Сахалинск","['Южно-Сахалинск', 'Южно-Сахалинска', 'Южно-Сахалинску', 'Южно-Сахалинск', 'Южно-Сахалинском', 'Южно-Сахалинске', 'Южно-Сахалинске']","Россия, Сахалинская область",locality
17283591,55bbe377-6311-11e6-849f-52540010b608,simferopol,146,225,город Симферополь,Симферополь,True,5,"[225, 26, 977, 121220, 146]","[17073865, 17302331, 17273285, 17278631, 17283591]",Europe/Moscow,10800,"{'lat': 44.948237, 'lng': 34.100318}","Россия, Республика Крым, Симферополь","['Симферополь', 'Симферополя', 'Симферополю', 'Симферополь', 'Симферополем', 'Симферополе', 'Симферополе']","Россия, Республика Крым",locality
17178502,5556190f-6311-11e6-849f-52540010b608,ufa,172,225,город Уфа,Уфа,True,5,"[225, 40, 11111, 120871, 172]","[17073865, 17073873, 17073922, 17075719, 17178502]",Asia/Yekaterinburg,18000,"{'lat': 54.735147, 'lng': 55.958727}","Россия, Республика Башкортостан, Уфа","['Уфа', 'Уфы', 'Уфе', 'Уфу', 'Уфой', 'Уфе', 'Уфе']","Россия, Республика Башкортостан",locality
17130780,55120aea-6311-11e6-849f-52540010b608,bryansk,191,225,город Брянск,Брянск,True,5,"[225, 3, 10650, 120933, 191]","[17073865, 17073877, 17073884, 17075978, 17130780]",Europe/Moscow,10800,"{'lat': 53.243561, 'lng': 34.363428}","Россия, Брянская область, Брянск","['Брянск', 'Брянска', 'Брянску', 'Брянск', 'Брянском', 'Брянске', 'Брянске']","Россия, Брянская область",locality
17130628,5511e45c-6311-11e6-849f-52540010b608,vladimir,192,225,город Владимир,Владимир,True,5,"[225, 3, 10658, 120853, 192]","[17073865, 17073877, 17073885, 17076018, 17130628]",Europe/Moscow,10800,"{'lat': 56.129057, 'lng': 40.406635}","Россия, Владимирская область, Владимир","['Владимир', 'Владимира', 'Владимиру', 'Владимир', 'Владимиром', 'Владимире', 'Владимире']","Россия, Владимирская область",locality
17130774,5517da42-6311-11e6-849f-52540010b608,voronezh,193,225,город Воронеж,Воронеж,True,5,"[225, 3, 10672, 120842, 193]","[17073865, 17073877, 17073888, 17076015, 17130774]",Europe/Moscow,10800,"{'lat': 51.660779, 'lng': 39.200292}","Россия, Воронежская область, Воронеж","['Воронеж', 'Воронежа', 'Воронежу', 'Воронеж', 'Воронежем', 'Воронеже', 'Воронеже']","Россия, Воронежская область",locality
17178451,5560019f-6311-11e6-849f-52540010b608,saratov,194,225,город Саратов,Саратов,True,5,"[225, 40, 11146, 120885, 194]","[17073865, 17073873, 17073939, 17075614, 17178451]",Europe/Saratov,14400,"{'lat': 51.533561, 'lng': 46.034265}","Россия, Саратовская область, Саратов","['Саратов', 'Саратова', 'Саратову', 'Саратов', 'Саратовом', 'Саратове', 'Саратове']","Россия, Саратовская область",locality
17178506,554e2c04-6311-11e6-849f-52540010b608,ulyanovsk,195,225,город Ульяновск,Ульяновск,True,5,"[225, 40, 11153, 120966, 195]","[17073865, 17073873, 17073950, 17075625, 17178506]",Europe/Ulyanovsk,14400,"{'lat': 54.314194, 'lng': 48.403131}","Россия, Ульяновская область, Ульяновск","['Ульяновск', 'Ульяновска', 'Ульяновску', 'Ульяновск', 'Ульяновском', 'Ульяновске', 'Ульяновске']","Россия, Ульяновская область",locality
17191052,5566a43c-6311-11e6-849f-52540010b608,barnaul,197,225,город Барнаул,Барнаул,True,5,"[225, 59, 11235, 121085, 197]","[17073865, 17073871, 17073879, 17075752, 17191052]",Asia/Barnaul,25200,"{'lat': 53.346785, 'lng': 83.77686}","Россия, Алтайский край, Барнаул","['Барнаул', 'Барнаула', 'Барнаулу', 'Барнаул', 'Барнаулом', 'Барнауле', 'Барнауле']","Россия, Алтайский край",locality
17190947,5571aa47-6311-11e6-849f-52540010b608,ulan-ude,198,225,город Улан-Удэ,Улан-Удэ,True,5,"[225, 73, 11330, 121100, 198]","[17073865, 17073871, 17073923, 17075805, 17190947]",Asia/Irkutsk,28800,"{'lat': 51.834811, 'lng': 107.584545}","Россия, Республика Бурятия, Улан-Удэ","['Улан-Удэ', 'Улан-Удэ', 'Улан-Удэ', 'Улан-Удэ', 'Улан-Удэ', 'Улан-Удэ', 'Улан-Удэ']","Россия, Республика Бурятия",locality
17239123,55aa3021-6311-11e6-849f-52540010b608,moskva,213,225,город Москва,Москва,True,4,"[225, 3, 1, 213]","[17073865, 17073877, 17073958, 17239123]",Europe/Moscow,10800,"{'lat': 55.755863, 'lng': 37.6177}","Россия, Москва","['Москва', 'Москвы', 'Москве', 'Москву', 'Москвой', 'Москве', 'Москве']",Россия,locality
17136728,5518704a-6311-11e6-849f-52540010b608,dolgoprudnyi,214,225,город Долгопрудный,Долгопрудный,True,5,"[225, 3, 1, 120999, 214]","[17073865, 17073877, 17073908, 17076164, 17136728]",Europe/Moscow,10800,"{'lat': 55.933303, 'lng': 37.514231}","Россия, Москва и Московская область, Долгопрудный","['Долгопрудный', 'Долгопрудного', 'Долгопрудному', 'Долгопрудный', 'Долгопрудным', 'Долгопрудном', 'Долгопрудном']","Россия, Москва и Московская область",locality
17135670,551dc77f-6311-11e6-849f-52540010b608,dubna,215,225,город Дубна,Дубна,True,5,"[225, 3, 1, 120992, 215]","[17073865, 17073877, 17073908, 17076166, 17135670]",Europe/Moscow,10800,"{'lat': 56.736344, 'lng': 37.162186}","Россия, Москва и Московская область, Дубна","['Дубна', 'Дубны', 'Дубне', 'Дубну', 'Дубной', 'Дубне', 'Дубне']","Россия, Москва и Московская область",locality
17239128,559e73f1-6311-11e6-849f-52540010b608,zelenograd,216,225,город Зеленоград,Зеленоград,False,5,"[225, 3, 1, 213, 216]","[17073865, 17073877, 17073958, 17239128]",Europe/Moscow,10800,"{'lat': 55.991893, 'lng': 37.214382}","Россия, Москва и Московская область, Зеленоград","['Зеленоград', 'Зеленограда', 'Зеленограду', 'Зеленоград', 'Зеленоградом', 'Зеленограде', 'Зеленограде']","Россия, Москва и Московская область",locality
17135682,551884fc-6311-11e6-849f-52540010b608,pushino,217,225,город Пущино,Пущино,True,5,"[225, 3, 1, 120998, 217]","[17073865, 17073877, 17073908, 17076181, 17135682]",Europe/Moscow,10800,"{'lat': 54.832479, 'lng': 37.620977}","Россия, Москва и Московская область, Пущино","['Пущино', 'Пущина', 'Пущину', 'Пущино', 'Пущином', 'Пущино', 'Пущино']","Россия, Москва и Московская область",locality
17136948,551a3b0b-6311-11e6-849f-52540010b608,chernogolovka,219,225,город Черноголовка,Черноголовка,True,5,"[225, 3, 1, 120859, 219]","[17073865, 17073877, 17073908, 17076187, 17136948]",Europe/Moscow,10800,"{'lat': 56.009851, 'lng': 38.378249}","Россия, Москва и Московская область, Черноголовка","['Черноголовка', 'Черноголовки', 'Черноголовке', 'Черноголовку', 'Черноголовкой', 'Черноголовке', 'Черноголовке']","Россия, Москва и Московская область",locality
17232151,558ec1d8-6311-11e6-849f-52540010b608,magnitogorsk,235,225,город Магнитогорск,Магнитогорск,True,5,"[225, 52, 11225, 116879, 235]","[17073865, 17073872, 17073952, 17075586, 17232151]",Asia/Yekaterinburg,18000,"{'lat': 53.40716, 'lng': 58.980289}","Россия, Челябинская область, Магнитогорск","['Магнитогорск', 'Магнитогорска', 'Магнитогорску', 'Магнитогорск', 'Магнитогорском', 'Магнитогорске', 'Магнитогорске']","Россия, Челябинская область",locality
17178289,5556cbd1-6311-11e6-849f-52540010b608,naberezhnye-chelny,236,225,город Набережные Челны,Набережные Челны,True,5,"[225, 40, 11119, 120895, 236]","[17073865, 17073873, 17073933, 17075729, 17178289]",Europe/Moscow,10800,"{'lat': 55.741273, 'lng': 52.403665}","Россия, Республика Татарстан, Набережные Челны","['Набережные Челны', 'Набережных Челнов', 'Набережным Челнам', 'Набережные Челны', 'Набережными Челнами', 'Набережных Челнах', 'Набережных Челнах']","Россия, Республика Татарстан",locality
17191198,55654290-6311-11e6-849f-52540010b608,novokuzneck,237,225,город Новокузнецк,Новокузнецк,True,5,"[225, 59, 11282, 121061, 237]","[17073865, 17073871, 17073898, 17075965, 17191198]",Asia/Novokuznetsk,25200,"{'lat': 53.757547, 'lng': 87.136044}","Россия, Кемеровская область (Кузбасс), Новокузнецк","['Новокузнецк', 'Новокузнецка', 'Новокузнецку', 'Новокузнецк', 'Новокузнецком', 'Новокузнецке', 'Новокузнецке']","Россия, Кемеровская область (Кузбасс)",locality
17239088,559e2d25-6311-11e6-849f-52540010b608,novocherkassk,238,225,город Новочеркасск,Новочеркасск,True,5,"[225, 26, 11029, 121149, 238]","[17073865, 17073874, 17073936, 17075598, 17239088]",Europe/Moscow,10800,"{'lat': 47.422052, 'lng': 40.093725}","Россия, Ростовская область, Новочеркасск","['Новочеркасск', 'Новочеркасска', 'Новочеркасску', 'Новочеркасск', 'Новочеркасском', 'Новочеркасске', 'Новочеркасске']","Россия, Ростовская область",locality
17239291,55aa8bdf-6311-11e6-849f-52540010b608,sochi,239,225,город Сочи,Сочи,True,5,"[225, 26, 10995, 116900, 239]","[17073865, 17073874, 17073901, 17076085, 17239291]",Europe/Moscow,10800,"{'lat': 43.585475, 'lng': 39.723095}","Россия, Краснодарский край, Сочи","['Сочи', 'Сочи', 'Сочи', 'Сочи', 'Сочи', 'Сочи', 'Сочи']","Россия, Краснодарский край",locality
17178456,554d93cb-6311-11e6-849f-52540010b608,tolyatti,240,225,город Тольятти,Тольятти,True,5,"[225, 40, 11131, 120908, 240]","[17073865, 17073873, 17073938, 17075623, 17178456]",Europe/Samara,14400,"{'lat': 53.507852, 'lng': 49.420415}","Россия, Самарская область, Тольятти","['Тольятти', 'Тольятти', 'Тольятти', 'Тольятти', 'Тольятти', 'Тольятти', 'Тольятти']","Россия, Самарская область",locality
17272245,55b90aa0-6311-11e6-849f-52540010b608,sevastopol,959,225,город Севастополь,Севастополь,False,4,"[225, 26, 977, 959]","[17073865, 17302331, 17272279, 17272245]",Europe/Moscow,10800,"{'lat': 44.556975, 'lng': 33.526404}","Россия, Севастополь","['Севастополь', 'Севастополя', 'Севастополю', 'Севастополь', 'Севастополем', 'Севастополе', 'Севастополе']",Россия,locality
17130448,55102702-6311-11e6-849f-52540010b608,obninsk,967,225,город Обнинск,Обнинск,True,5,"[225, 3, 10693, 120851, 967]","[17073865, 17073877, 17073895, 17075992, 17130448]",Europe/Moscow,10800,"{'lat': 55.100412, 'lng': 36.609655}","Россия, Калужская область, Обнинск","['Обнинск', 'Обнинска', 'Обнинску', 'Обнинск', 'Обнинском', 'Обнинске', 'Обнинске']","Россия, Калужская область",locality
17222285,5587dcb6-6311-11e6-849f-52540010b608,cherepovec,968,225,город Череповец,Череповец,True,5,"[225, 17, 10853, 121018, 968]","[17073865, 17073878, 17073887, 17075672, 17222285]",Europe/Moscow,10800,"{'lat': 59.122613, 'lng': 37.903466}","Россия, Вологодская область, Череповец","['Череповец', 'Череповца', 'Череповцу', 'Череповец', 'Череповцом', 'Череповце', 'Череповце']","Россия, Вологодская область",locality
17222463,55823ed5-6311-11e6-849f-52540010b608,vyborg,969,225,город Выборг,Выборг,True,6,"[225, 17, 10174, 98622, 165888, 969]","[17073865, 17073878, 17073905, 17076153, 17222463]",Europe/Moscow,10800,"{'lat': 60.710497, 'lng': 28.749785}","Россия, Санкт-Петербург и Ленинградская область, Выборг","['Выборг', 'Выборга', 'Выборгу', 'Выборг', 'Выборгом', 'Выборге', 'Выборге']","Россия, Санкт-Петербург и Ленинградская область",locality
17238840,559d6306-6311-11e6-849f-52540010b608,novorossiisk,970,225,город Новороссийск,Новороссийск,True,5,"[225, 26, 10995, 116897, 970]","[17073865, 17073874, 17073901, 17075597, 17238840]",Europe/Moscow,10800,"{'lat': 44.723773, 'lng': 37.768809}","Россия, Краснодарский край, Новороссийск","['Новороссийск', 'Новороссийска', 'Новороссийску', 'Новороссийск', 'Новороссийском', 'Новороссийске', 'Новороссийске']","Россия, Краснодарский край",locality
17238797,559d9c23-6311-11e6-849f-52540010b608,taganrog,971,225,город Таганрог,Таганрог,True,5,"[225, 26, 11029, 121147, 971]","[17073865, 17073874, 17073936, 17075622, 17238797]",Europe/Moscow,10800,"{'lat': 47.208735, 'lng': 38.936699}","Россия, Ростовская область, Таганрог","['Таганрог', 'Таганрога', 'Таганрогу', 'Таганрог', 'Таганрогом', 'Таганроге', 'Таганроге']","Россия, Ростовская область",locality
17178184,554bfbaf-6311-11e6-849f-52540010b608,dzerzhinsk,972,225,город Дзержинск,Дзержинск,True,5,"[225, 40, 11079, 116727, 972]","[17073865, 17073873, 17073910, 17075561, 17178184]",Europe/Moscow,10800,"{'lat': 56.238377, 'lng': 43.461625}","Россия, Нижегородская область, Дзержинск","['Дзержинск', 'Дзержинска', 'Дзержинску', 'Дзержинск', 'Дзержинском', 'Дзержинске', 'Дзержинске']","Россия, Нижегородская область",locality
17232147,55a32c68-6311-11e6-849f-52540010b608,surgut,973,225,город Сургут,Сургут,True,5,"[225, 52, 11193, 121122, 973]","[17073865, 17073872, 17073948, 17073984, 17075800, 17232147]",Asia/Yekaterinburg,18000,"{'lat': 61.24178, 'lng': 73.393029}","Россия, Ханты-Мансийский автономный округ - Югра, Сургут","['Сургут', 'Сургута', 'Сургуту', 'Сургут', 'Сургутом', 'Сургуте', 'Сургуте']","Россия, Ханты-Мансийский автономный округ - Югра",locality
17141238,5524f7b7-6311-11e6-849f-52540010b608,nahodka,974,225,город Находка,Находка,True,5,"[225, 73, 11409, 116888, 974]","[17073865, 17073875, 17073918, 17075782, 17141238]",Asia/Vladivostok,36000,"{'lat': 42.824037, 'lng': 132.892811}","Россия, Приморский край, Находка","['Находка', 'Находки', 'Находке', 'Находку', 'Находкой', 'Находке', 'Находке']","Россия, Приморский край",locality
17180116,5556910d-6311-11e6-849f-52540010b608,biisk,975,225,город Бийск,Бийск,True,5,"[225, 59, 11235, 121086, 975]","[17073865, 17073871, 17073879, 17075757, 17180116]",Asia/Barnaul,25200,"{'lat': 52.54181, 'lng': 85.220652}","Россия, Алтайский край, Бийск","['Бийск', 'Бийска', 'Бийску', 'Бийск', 'Бийском', 'Бийске', 'Бийске']","Россия, Алтайский край",locality
17191243,557201fa-6311-11e6-849f-52540010b608,bratsk,976,225,город Братск,Братск,True,5,"[225, 59, 11266, 121076, 976]","[17073865, 17073871, 17073892, 17075760, 17191243]",Asia/Irkutsk,28800,"{'lat': 56.151683, 'lng': 101.633504}","Россия, Иркутская область, Братск","['Братск', 'Братска', 'Братску', 'Братск', 'Братском', 'Братске', 'Братске']","Россия, Иркутская область",locality
17238867,55a9a972-6311-11e6-849f-52540010b608,tuapse,1058,225,город Туапсе,Туапсе,True,5,"[225, 26, 10995, 99299, 1058]","[17073865, 17073874, 17073901, 17075827, 17238867]",Europe/Moscow,10800,"{'lat': 44.095246, 'lng': 39.073382}","Россия, Краснодарский край, Туапсе","['Туапсе', 'Туапсе', 'Туапсе', 'Туапсе', 'Туапсе', 'Туапсе', 'Туапсе']","Россия, Краснодарский край",locality
17232148,559a9dba-6311-11e6-849f-52540010b608,nizhnevartovsk,1091,225,город Нижневартовск,Нижневартовск,True,5,"[225, 52, 11193, 121123, 1091]","[17073865, 17073872, 17073948, 17073984, 17075784, 17232148]",Asia/Yekaterinburg,18000,"{'lat': 60.938545, 'lng': 76.558902}","Россия, Ханты-Мансийский автономный округ - Югра, Нижневартовск","['Нижневартовск', 'Нижневартовска', 'Нижневартовску', 'Нижневартовск', 'Нижневартовском', 'Нижневартовске', 'Нижневартовске']","Россия, Ханты-Мансийский автономный округ - Югра",locality
17192791,555ef629-6311-11e6-849f-52540010b608,nazran,1092,225,город Назрань,Назрань,True,5,"[225, 102444, 11012, 121216, 1092]","[17073865, 17073876, 17073925, 17075940, 17192791]",Europe/Moscow,10800,"{'lat': 43.231407, 'lng': 44.76849}","Россия, Республика Ингушетия, Назрань","['Назрань', 'Назрани', 'Назрани', 'Назрань', 'Назранью', 'Назрани', 'Назрани']","Россия, Республика Ингушетия",locality
17238685,559d8841-6311-11e6-849f-52540010b608,maikop,1093,225,город Майкоп,Майкоп,True,5,"[225, 26, 11004, 121166, 1093]","[17073865, 17073874, 17073920, 17075587, 17238685]",Europe/Moscow,10800,"{'lat': 44.60668, 'lng': 40.105853}","Россия, Республика Адыгея, Майкоп","['Майкоп', 'Майкопа', 'Майкопу', 'Майкоп', 'Майкопом', 'Майкопе', 'Майкопе']","Россия, Республика Адыгея",locality
17233023,558f905e-6311-11e6-849f-52540010b608,elista,1094,225,город Элиста,Элиста,True,5,"[225, 26, 11015, 121168, 1094]","[17073865, 17073874, 17073926, 17075675, 17233023]",Europe/Moscow,10800,"{'lat': 46.307743, 'lng': 44.269759}","Россия, Республика Калмыкия, Элиста","['Элиста', 'Элисты', 'Элисте', 'Элисту', 'Элистой', 'Элисте', 'Элисте']","Россия, Республика Калмыкия",locality
17191178,5560ad38-6311-11e6-849f-52540010b608,abakan,1095,225,город Абакан,Абакан,True,5,"[225, 59, 11340, 121102, 1095]","[17073865, 17073871, 17073935, 17075742, 17191178]",Asia/Krasnoyarsk,25200,"{'lat': 53.721152, 'lng': 91.442387}","Россия, Республика Хакасия, Абакан","['Абакан', 'Абакана', 'Абакану', 'Абакан', 'Абаканом', 'Абакане', 'Абакане']","Россия, Республика Хакасия",locality
17192556,55684be2-6311-11e6-849f-52540010b608,cherkessk,1104,225,город Черкесск,Черкесск,True,5,"[225, 102444, 11020, 121212, 1104]","[17073865, 17073876, 17073897, 17075673, 17192556]",Europe/Moscow,10800,"{'lat': 44.228376, 'lng': 42.048277}","Россия, Карачаево-Черкесская Республика, Черкесск","['Черкесск', 'Черкесска', 'Черкесску', 'Черкесск', 'Черкесском', 'Черкесске', 'Черкесске']","Россия, Карачаево-Черкесская Республика",locality
17194922,556552f8-6311-11e6-849f-52540010b608,groznyi,1106,225,город Грозный,Грозный,True,5,"[225, 102444, 11024, 121214, 1106]","[17073865, 17073876, 17073953, 17075633, 17194922]",Europe/Moscow,10800,"{'lat': 43.318368, 'lng': 45.692419}","Россия, Чеченская Республика, Грозный","['Грозный', 'Грозного', 'Грозному', 'Грозный', 'Грозным', 'Грозном', 'Грозном']","Россия, Чеченская Республика",locality
17238702,55a1cf4e-6311-11e6-849f-52540010b608,anapa,1107,225,город Анапа,Анапа,True,5,"[225, 26, 10995, 116902, 1107]","[17073865, 17073874, 17073901, 17075824, 17238702]",Europe/Moscow,10800,"{'lat': 44.894817, 'lng': 37.316369}","Россия, Краснодарский край, Анапа","['Анапа', 'Анапы', 'Анапе', 'Анапу', 'Анапой', 'Анапе', 'Анапе']","Россия, Краснодарский край",locality
